{"moduleName":null,"summaries":[{"symbol":{"__symbol":0,"members":[]},"metadata":{"__symbolic":"class","extends":{"__symbol":1,"members":[]},"members":{"billStatus_BillState":[{"__symbolic":"property","decorators":[{"__symbolic":"call","expression":{"__symbol":2,"members":[]},"arguments":[{"id":"billStatus_BillState_df94470c_t04q","name":"{{billStatus_BillState_df94470c_t04q}}","binding":"billStatus.billState","updateOn":"change","defaultI18nValue":"单据状态"}]}]}],"orderCode":[{"__symbolic":"property","decorators":[{"__symbolic":"call","expression":{"__symbol":2,"members":[]},"arguments":[{"id":"orderCode_f2d9e158_kgvz","name":"{{orderCode_f2d9e158_kgvz}}","binding":"orderCode","updateOn":"blur","defaultI18nValue":"订单编号","validRules":[{"type":"matches","constraints":[""]}]}]}]}],"merchant_Merchant_name":[{"__symbolic":"property","decorators":[{"__symbolic":"call","expression":{"__symbol":2,"members":[]},"arguments":[{"id":"merchant_Merchant_name_dc52b957_0e1v","name":"{{merchant_Merchant_name_dc52b957_0e1v}}","binding":"merchant.merchant_name","updateOn":"blur","defaultI18nValue":"商户"}]}]}],"orderTime":[{"__symbolic":"property","decorators":[{"__symbolic":"call","expression":{"__symbol":2,"members":[]},"arguments":[{"id":"orderTime_898df2fe_xjlg","name":"{{orderTime_898df2fe_xjlg}}","binding":"orderTime","updateOn":"blur","defaultI18nValue":"下单时间","validRules":[{"type":"matches","constraints":[""]}]}]}]}],"payMethod":[{"__symbolic":"property","decorators":[{"__symbolic":"call","expression":{"__symbol":2,"members":[]},"arguments":[{"id":"payMethod_5e15710a_1pao","name":"{{payMethod_5e15710a_1pao}}","binding":"payMethod","updateOn":"change","defaultI18nValue":"支付方式"}]}]}],"orderType":[{"__symbolic":"property","decorators":[{"__symbolic":"call","expression":{"__symbol":2,"members":[]},"arguments":[{"id":"orderType_86c9e32c_ivwq","name":"{{orderType_86c9e32c_ivwq}}","binding":"orderType","updateOn":"blur","defaultI18nValue":"订单类型","validRules":[{"type":"matches","constraints":[""]}]}]}]}],"orderPerson_OrderPerson_name":[{"__symbolic":"property","decorators":[{"__symbolic":"call","expression":{"__symbol":2,"members":[]},"arguments":[{"id":"orderPerson_OrderPerson_name_2d1d302a_0aak","name":"{{orderPerson_OrderPerson_name_2d1d302a_0aak}}","binding":"orderPerson.orderPerson_name","updateOn":"blur","defaultI18nValue":"下单人"}]}]}],"telephone":[{"__symbolic":"property","decorators":[{"__symbolic":"call","expression":{"__symbol":2,"members":[]},"arguments":[{"id":"telephone_a1f41ba4_yxps","name":"{{telephone_a1f41ba4_yxps}}","binding":"telephone","updateOn":"blur","defaultI18nValue":"联系电话","validRules":[{"type":"matches","constraints":[""]}]}]}]}],"orderState":[{"__symbolic":"property","decorators":[{"__symbolic":"call","expression":{"__symbol":2,"members":[]},"arguments":[{"id":"orderState_8665667d_dfjn","name":"{{orderState_8665667d_dfjn}}","binding":"orderState","updateOn":"change","defaultI18nValue":"订单状态"}]}]}],"remark":[{"__symbolic":"property","decorators":[{"__symbolic":"call","expression":{"__symbol":2,"members":[]},"arguments":[{"id":"remark_e5d2dfa9_cljr","name":"{{remark_e5d2dfa9_cljr}}","binding":"remark","updateOn":"blur","defaultI18nValue":"备注","validRules":[{"type":"matches","constraints":[""]}]}]}]}],"totalPrice":[{"__symbolic":"property","decorators":[{"__symbolic":"call","expression":{"__symbol":2,"members":[]},"arguments":[{"id":"totalPrice_a6bb5a5f_5ugx","name":"{{totalPrice_a6bb5a5f_5ugx}}","binding":"totalPrice","updateOn":"blur","defaultI18nValue":"订单金额"}]}]}]}},"type":{"summaryKind":3,"type":{"reference":{"__symbol":0,"members":[]},"diDeps":[],"lifecycleHooks":[1]}}}],"symbols":[{"__symbol":0,"name":"BasicFormViewmodelForm","filePath":"./basicformviewmodelform"},{"__symbol":1,"name":"Form","filePath":"@farris/devkit"},{"__symbol":2,"name":"NgFormControl","filePath":"@farris/devkit"}]}