{"moduleName":null,"summaries":[{"symbol":{"__symbol":0,"members":[]},"metadata":{"__symbolic":"class","extends":{"__symbol":1,"members":[]},"members":{"fileInfo_FileInfo_Attachment":[{"__symbolic":"property","decorators":[{"__symbolic":"call","expression":{"__symbol":2,"members":[]},"arguments":[{"id":"fileInfo.fileInfo_Attachment","name":"{{fileInfo_FileInfo_Attachment_beda48ec_0lx6}}","binding":"fileInfo.fileInfo_Attachment","updateOn":"blur","defaultI18nValue":"附件Id","validRules":[{"type":"matches","constraints":[""]}]}]}]}],"fileInfo_FileInfo_FileName":[{"__symbolic":"property","decorators":[{"__symbolic":"call","expression":{"__symbol":2,"members":[]},"arguments":[{"id":"fileInfo.fileInfo_FileName","name":"{{fileInfo_FileInfo_FileName_fb0c4b5e_h66o}}","binding":"fileInfo.fileInfo_FileName","updateOn":"blur","defaultI18nValue":"附件名称","validRules":[{"type":"matches","constraints":[""]}]}]}]}],"fileInfo_FileInfo_FileSize":[{"__symbolic":"property","decorators":[{"__symbolic":"call","expression":{"__symbol":2,"members":[]},"arguments":[{"id":"fileInfo.fileInfo_FileSize","name":"{{fileInfo_FileInfo_FileSize_bed6f51d_v9nr}}","binding":"fileInfo.fileInfo_FileSize","updateOn":"blur","defaultI18nValue":"附件大小","validRules":[{"type":"maxValue","constraints":[1.7976931348623157e+308]},{"type":"minValue","constraints":[-1.7976931348623157e+308]}]}]}]}],"fileInfo_FileInfo_FileCreate":[{"__symbolic":"property","decorators":[{"__symbolic":"call","expression":{"__symbol":2,"members":[]},"arguments":[{"id":"fileInfo.fileInfo_FileCreate","name":"{{fileInfo_FileInfo_FileCreate_3e128aef_kbsh}}","binding":"fileInfo.fileInfo_FileCreate","updateOn":"blur","valueConverter":{"__symbolic":"new","expression":{"__symbol":3,"members":[]},"arguments":["yyyy-MM-dd"]},"defaultI18nValue":"附件上传时间"}]}]}]}},"type":{"summaryKind":3,"type":{"reference":{"__symbol":0,"members":[]},"diDeps":[],"lifecycleHooks":[1]}}}],"symbols":[{"__symbol":0,"name":"PlusComponentViewmodelForm","filePath":"./pluscomponentviewmodelform"},{"__symbol":1,"name":"Form","filePath":"@farris/devkit"},{"__symbol":2,"name":"NgFormControl","filePath":"@farris/devkit"},{"__symbol":3,"name":"DateConverter","filePath":"@farris/kendo-binding"}]}