{"moduleName":null,"summaries":[{"symbol":{"__symbol":0,"members":[]},"metadata":{"type":"string"}},{"symbol":{"__symbol":1,"members":[]},"metadata":{"__symbolic":"class","extends":{"__symbol":2,"members":[]},"members":{"orderitemAddItem1":[{"__symbolic":"method","decorators":[{"__symbolic":"call","expression":{"__symbol":3,"members":[]},"arguments":[{"name":"orderitemAddItem1","params":{}}]}]}],"orderitemRemoveItem1":[{"__symbolic":"method","decorators":[{"__symbolic":"call","expression":{"__symbol":3,"members":[]},"arguments":[{"name":"orderitemRemoveItem1","params":{"id":"{DATA~/#{orderitem-component}/orderItems/id}"},"paramDescriptions":{"id":{"__symbol":0,"members":[]}}}]}]}]}},"type":{"summaryKind":3,"type":{"reference":{"__symbol":1,"members":[]},"diDeps":[],"lifecycleHooks":[1]}}}],"symbols":[{"__symbol":0,"name":"ɵ0","filePath":"./orderitemcomponentviewmodel"},{"__symbol":1,"name":"OrderitemComponentViewmodel","filePath":"./orderitemcomponentviewmodel"},{"__symbol":2,"name":"ViewModel","filePath":"@farris/devkit"},{"__symbol":3,"name":"NgCommand","filePath":"@farris/devkit"}]}