{"moduleName":null,"summaries":[{"symbol":{"__symbol":0,"members":[]},"metadata":{"__symbolic":"class","extends":{"__symbol":1,"members":[]},"members":{"id":[{"__symbolic":"property","decorators":[{"__symbolic":"call","expression":{"__symbol":2,"members":[]},"arguments":[{"originalDataField":"ID","dataField":"id","primary":true,"originalDataFieldType":"String","initValue":"","path":"ID","validRules":[{"type":"required","constraints":[true]},{"type":"maxLength","constraints":[36],"message":"最大长度为36"}]}]}]}],"version":[{"__symbolic":"property","decorators":[{"__symbolic":"call","expression":{"__symbol":2,"members":[]},"arguments":[{"originalDataField":"Version","dataField":"version","originalDataFieldType":"DateTime","initValue":"0001-01-01T00:00:00","path":"Version","enableTimeZone":true}]}]}],"goodsName":[{"__symbolic":"property","decorators":[{"__symbolic":"call","expression":{"__symbol":2,"members":[]},"arguments":[{"originalDataField":"GoodsName","dataField":"goodsName","originalDataFieldType":"String","initValue":"","path":"GoodsName","validRules":[{"type":"maxLength","constraints":[36],"message":"最大长度为36"}]}]}]}],"goodsCode":[{"__symbolic":"property","decorators":[{"__symbolic":"call","expression":{"__symbol":2,"members":[]},"arguments":[{"originalDataField":"GoodsCode","dataField":"goodsCode","originalDataFieldType":"String","initValue":"","path":"GoodsCode","validRules":[{"type":"maxLength","constraints":[36],"message":"最大长度为36"}]}]}]}],"specification":[{"__symbolic":"property","decorators":[{"__symbolic":"call","expression":{"__symbol":2,"members":[]},"arguments":[{"originalDataField":"Specification","dataField":"specification","originalDataFieldType":"String","initValue":"","path":"Specification","validRules":[{"type":"maxLength","constraints":[36],"message":"最大长度为36"}]}]}]}],"category":[{"__symbolic":"property","decorators":[{"__symbolic":"call","expression":{"__symbol":2,"members":[]},"arguments":[{"originalDataField":"Category","dataField":"category","originalDataFieldType":"String","initValue":"","path":"Category","validRules":[{"type":"maxLength","constraints":[30],"message":"最大长度为30"}]}]}]}],"price":[{"__symbolic":"property","decorators":[{"__symbolic":"call","expression":{"__symbol":2,"members":[]},"arguments":[{"originalDataField":"Price","dataField":"price","originalDataFieldType":"Number","initValue":0,"path":"Price"}]}]}],"listNumber":[{"__symbolic":"property","decorators":[{"__symbolic":"call","expression":{"__symbol":2,"members":[]},"arguments":[{"originalDataField":"ListNumber","dataField":"listNumber","originalDataFieldType":"Number","initValue":0,"path":"ListNumber"}]}]}],"remark":[{"__symbolic":"property","decorators":[{"__symbolic":"call","expression":{"__symbol":2,"members":[]},"arguments":[{"originalDataField":"Remark","dataField":"remark","originalDataFieldType":"String","initValue":"","path":"Remark","validRules":[{"type":"maxLength","constraints":[100],"message":"最大长度为100"}]}]}]}]}}}],"symbols":[{"__symbol":0,"name":"GoodsEntity","filePath":"./goodsentity"},{"__symbol":1,"name":"Entity","filePath":"@farris/devkit"},{"__symbol":2,"name":"NgField","filePath":"@farris/devkit"}]}