[{"Code":"SaleOrderList_frm","Name":"销售订单列表_frm","Id":"d814c027-7492-4740-97f6-d0b5ac85ff47","Version":"1.0","Description":"销售订单列表_frm服务","BizObject":"c593baa6-b335-e766-9a7a-20b2dbebd24e","CriticalApplication":"scm","ServiceUnit":"om","RouteUrl":"saleorderlist_frm","Service":{"Id":"c0c8a9ba-a102-4da9-9b42-c52c095f82e3","ResourceId":"c18959b7-ec42-4018-a93e-bc950da420d5","ResourceType":"VO","ResourceCode":"com.inspur.gs.scm.om.so.so.front.vo.SaleOrderList_frm","ResourceName":"销售订单列表_frm","ResourceNameSpace":"Inspur.GS.SCM.OM.SO.SO.Front","ResourcePath":null,"ResourceFileName":null,"Operations":[{"Id":"c18959b7-ec42-4018-a93e-bc950da420d5&^^&CreateSession","Code":"CreateSession","Name":"创建业务上下文","Description":"在调用该服务其他操作前，应该首先调用该操作创建业务上下文。在业务上下文存在期间，所有通过该服务修改的数据均被锁定，其他业务上下文无法修改。","HttpMethod":"POST","Template":"service/createsession","Parameters":[{"Id":"c18959b7-ec42-4018-a93e-bc950da420d5&^^&CreateSessionParam","Code":"sessionId","Name":"sessionId","Description":"功能sessionId","ModelId":"string","ModelCode":null,"ModelName":"string","RefId":null,"RefCode":null,"RefName":null,"RefPath":null,"RefFileName":null,"ModelType":0,"In":"","IsRequired":true,"ListDeepth":0,"isCollection":false,"isRetVal":true,"isBasicType":true}],"ResourceOpId":"c18959b7-ec42-4018-a93e-bc950da420d5&^^&CreateSession","Transaction":false,"AssemblyInfo":null,"Extend1":"Basic","Extend2":null,"isDeprecated":false},{"Id":"c18959b7-ec42-4018-a93e-bc950da420d5&^^&CloseSession","Code":"CloseSession","Name":"关闭业务上下文","Description":"在调用该服务的其他操作完成业务功能后，应该调用该操作关闭业务上下文，否则该业务上下文内修改的数据将保持锁定状态，无法被其他用户修改。","HttpMethod":"POST","Template":"service/closesession","Parameters":null,"ResourceOpId":"c18959b7-ec42-4018-a93e-bc950da420d5&^^&CloseSession","Transaction":false,"AssemblyInfo":null,"Extend1":"Basic","Extend2":null,"isDeprecated":false},{"Id":"c18959b7-ec42-4018-a93e-bc950da420d5&^^&Create","Code":"Create","Name":"新增销售订单","Description":"新增销售订单，可指定字段初始值。","HttpMethod":"POST","Template":"","Parameters":[{"Id":"c18959b7-ec42-4018-a93e-bc950da420d5&^^&RequestInfo","Code":"requestInfo","Name":"请求信息","Description":"请求信息","ModelId":"c18959b7-ec42-4018-a93e-bc950da420d5&^^&RequestInfo","ModelCode":"RequestInfo","ModelName":"RequestInfo","RefId":"c18959b7-ec42-4018-a93e-bc950da420d5&^^&RequestInfo","RefCode":"RequestInfo","RefName":"RequestInfo","RefPath":null,"RefFileName":null,"ModelType":1,"In":"Body","IsRequired":false,"ListDeepth":0,"isCollection":false,"isRetVal":false,"isBasicType":false},{"Id":"c18959b7-ec42-4018-a93e-bc950da420d5&^^&defaultValue","Code":"defaultValue","Name":"默认值","Description":"默认值","ModelId":"c18959b7-ec42-4018-a93e-bc950da420d5&^^&DefaultValue","ModelCode":"DefaultValue","ModelName":"DefaultValue","RefId":"c18959b7-ec42-4018-a93e-bc950da420d5&^^&DefaultValue","RefCode":"DefaultValue","RefName":"DefaultValue","RefPath":null,"RefFileName":null,"ModelType":1,"In":"Body","IsRequired":false,"ListDeepth":0,"isCollection":false,"isRetVal":false,"isBasicType":false},{"Id":"c18959b7-ec42-4018-a93e-bc950da420d5&^^&ResponseInfo","Code":"responseInfo","Name":"响应信息","Description":"响应信息","ModelId":"c18959b7-ec42-4018-a93e-bc950da420d5&^^&ResponseInfo","ModelCode":"ResponseInfo","ModelName":"ResponseInfo","RefId":"c18959b7-ec42-4018-a93e-bc950da420d5&^^&ResponseInfo","RefCode":"ResponseInfo","RefName":"ResponseInfo","RefPath":null,"RefFileName":null,"ModelType":1,"In":"","IsRequired":true,"ListDeepth":0,"isCollection":false,"isRetVal":true,"isBasicType":false}],"ResourceOpId":"c18959b7-ec42-4018-a93e-bc950da420d5&^^&Create","Transaction":false,"AssemblyInfo":null,"Extend1":"Basic","Extend2":null,"isDeprecated":false},{"Id":"c18959b7-ec42-4018-a93e-bc950da420d5&^^&BatchCreate","Code":"BatchCreate","Name":"批量新增销售订单","Description":"批量新增销售订单，可指定字段初始值。","HttpMethod":"POST","Template":"/batch","Parameters":[{"Id":"c18959b7-ec42-4018-a93e-bc950da420d5&^^&RequestInfo","Code":"requestInfo","Name":"请求信息","Description":"请求信息","ModelId":"c18959b7-ec42-4018-a93e-bc950da420d5&^^&RequestInfo","ModelCode":"RequestInfo","ModelName":"RequestInfo","RefId":"c18959b7-ec42-4018-a93e-bc950da420d5&^^&RequestInfo","RefCode":"RequestInfo","RefName":"RequestInfo","RefPath":null,"RefFileName":null,"ModelType":1,"In":"Body","IsRequired":true,"ListDeepth":0,"isCollection":false,"isRetVal":false,"isBasicType":false},{"Id":"c18959b7-ec42-4018-a93e-bc950da420d5&^^&retrieveDefaultParam","Code":"retrieveDefaultParam","Name":"默认值","Description":"默认值","ModelId":"c18959b7-ec42-4018-a93e-bc950da420d5&^^&RetrieveDefaultParam","ModelCode":"RetrieveDefaultParam","ModelName":"RetrieveDefaultParam","RefId":"c18959b7-ec42-4018-a93e-bc950da420d5&^^&RetrieveDefaultParam","RefCode":"RetrieveDefaultParam","RefName":"RetrieveDefaultParam","RefPath":null,"RefFileName":null,"ModelType":1,"In":"Body","IsRequired":false,"ListDeepth":0,"isCollection":false,"isRetVal":false,"isBasicType":false},{"Id":"c18959b7-ec42-4018-a93e-bc950da420d5&^^&ResponseInfo","Code":"responseInfo","Name":"响应信息","Description":"响应信息","ModelId":"c18959b7-ec42-4018-a93e-bc950da420d5&^^&ResponseInfo","ModelCode":"ResponseInfo","ModelName":"ResponseInfo","RefId":"c18959b7-ec42-4018-a93e-bc950da420d5&^^&ResponseInfo","RefCode":"ResponseInfo","RefName":"ResponseInfo","RefPath":null,"RefFileName":null,"ModelType":1,"In":"","IsRequired":true,"ListDeepth":0,"isCollection":false,"isRetVal":true,"isBasicType":false}],"ResourceOpId":"c18959b7-ec42-4018-a93e-bc950da420d5&^^&BatchCreate","Transaction":false,"AssemblyInfo":null,"Extend1":"Basic","Extend2":null,"isDeprecated":false},{"Id":"c18959b7-ec42-4018-a93e-bc950da420d5&^^&Edit","Code":"Edit","Name":"编辑销售订单","Description":"编辑指定的销售订单，此操作会锁定相应的销售订单数据。该操作成功后，其他用户不能修改该数据，直到调用”保存“或”取消“操作。","HttpMethod":"PUT","Template":"/service/edit/{dataId}","Parameters":[{"Id":"c18959b7-ec42-4018-a93e-bc950da420d5&^^&RequestInfo","Code":"requestInfo","Name":"请求信息","Description":"请求信息","ModelId":"c18959b7-ec42-4018-a93e-bc950da420d5&^^&RequestInfo","ModelCode":"RequestInfo","ModelName":"RequestInfo","RefId":"c18959b7-ec42-4018-a93e-bc950da420d5&^^&RequestInfo","RefCode":"RequestInfo","RefName":"RequestInfo","RefPath":null,"RefFileName":null,"ModelType":1,"In":"Body","IsRequired":false,"ListDeepth":0,"isCollection":false,"isRetVal":false,"isBasicType":false},{"Id":"c18959b7-ec42-4018-a93e-bc950da420d5&^^&RetrieveParam","Code":"dataId","Name":"单据内码","Description":"单据内码","ModelId":"string","ModelCode":null,"ModelName":"string","RefId":null,"RefCode":null,"RefName":null,"RefPath":null,"RefFileName":null,"ModelType":0,"In":"Path","IsRequired":true,"ListDeepth":0,"isCollection":false,"isRetVal":false,"isBasicType":true},{"Id":"c18959b7-ec42-4018-a93e-bc950da420d5&^^&ResponseInfo","Code":"responseInfo","Name":"响应信息","Description":"响应信息","ModelId":"c18959b7-ec42-4018-a93e-bc950da420d5&^^&ResponseInfo","ModelCode":"ResponseInfo","ModelName":"ResponseInfo","RefId":"c18959b7-ec42-4018-a93e-bc950da420d5&^^&ResponseInfo","RefCode":"ResponseInfo","RefName":"ResponseInfo","RefPath":null,"RefFileName":null,"ModelType":1,"In":"","IsRequired":true,"ListDeepth":0,"isCollection":false,"isRetVal":true,"isBasicType":false}],"ResourceOpId":"c18959b7-ec42-4018-a93e-bc950da420d5&^^&Edit","Transaction":false,"AssemblyInfo":null,"Extend1":"Basic","Extend2":null,"isDeprecated":false},{"Id":"c18959b7-ec42-4018-a93e-bc950da420d5&^^&Delete","Code":"Delete","Name":"删除销售订单","Description":"删除指定的销售订单，该操作仅在当前业务上下文中删除，并不会持久化到数据库。后续需调用”保存“操作进行持久化，如需要立即持久化，请调用”删除销售订单并保存“操作。","HttpMethod":"DELETE","Template":"/{dataId}","Parameters":[{"Id":"c18959b7-ec42-4018-a93e-bc950da420d5&^^&DeleteParam","Code":"dataId","Name":"单据内码","Description":"单据内码","ModelId":"string","ModelCode":null,"ModelName":"string","RefId":null,"RefCode":null,"RefName":null,"RefPath":null,"RefFileName":null,"ModelType":0,"In":"Path","IsRequired":true,"ListDeepth":0,"isCollection":false,"isRetVal":false,"isBasicType":true}],"ResourceOpId":"c18959b7-ec42-4018-a93e-bc950da420d5&^^&Delete","Transaction":false,"AssemblyInfo":null,"Extend1":"Basic","Extend2":null,"isDeprecated":false},{"Id":"c18959b7-ec42-4018-a93e-bc950da420d5&^^&DeleteAndSave","Code":"DeleteAndSave","Name":"删除销售订单并保存","Description":"删除指定的销售订单，并持久化到数据库。","HttpMethod":"PUT","Template":"/service/delete/{dataId}","Parameters":[{"Id":"c18959b7-ec42-4018-a93e-bc950da420d5&^^&RequestInfo","Code":"requestInfo","Name":"请求信息","Description":"请求信息","ModelId":"c18959b7-ec42-4018-a93e-bc950da420d5&^^&RequestInfo","ModelCode":"RequestInfo","ModelName":"RequestInfo","RefId":"c18959b7-ec42-4018-a93e-bc950da420d5&^^&RequestInfo","RefCode":"RequestInfo","RefName":"RequestInfo","RefPath":null,"RefFileName":null,"ModelType":1,"In":"Body","IsRequired":false,"ListDeepth":0,"isCollection":false,"isRetVal":false,"isBasicType":false},{"Id":"c18959b7-ec42-4018-a93e-bc950da420d5&^^&DeleteParam","Code":"dataId","Name":"单据内码","Description":"单据内码","ModelId":"string","ModelCode":null,"ModelName":"string","RefId":null,"RefCode":null,"RefName":null,"RefPath":null,"RefFileName":null,"ModelType":0,"In":"Path","IsRequired":true,"ListDeepth":0,"isCollection":false,"isRetVal":false,"isBasicType":true},{"Id":"c18959b7-ec42-4018-a93e-bc950da420d5&^^&ResponseInfo","Code":"responseInfo","Name":"响应信息","Description":"响应信息","ModelId":"c18959b7-ec42-4018-a93e-bc950da420d5&^^&ResponseInfo","ModelCode":"ResponseInfo","ModelName":"ResponseInfo","RefId":"c18959b7-ec42-4018-a93e-bc950da420d5&^^&ResponseInfo","RefCode":"ResponseInfo","RefName":"ResponseInfo","RefPath":null,"RefFileName":null,"ModelType":1,"In":"","IsRequired":true,"ListDeepth":0,"isCollection":false,"isRetVal":true,"isBasicType":false}],"ResourceOpId":"c18959b7-ec42-4018-a93e-bc950da420d5&^^&DeleteAndSave","Transaction":false,"AssemblyInfo":null,"Extend1":"Basic","Extend2":null,"isDeprecated":false},{"Id":"c18959b7-ec42-4018-a93e-bc950da420d5&^^&BatchDelete","Code":"BatchDelete","Name":"批量删除销售订单","Description":"批量删除指定的销售订单，该操作仅在当前业务上下文中删除，并不会持久化到数据库。后续需调用”保存“操作进行持久化，如需要立即持久化，请调用”批量删除销售订单并保存“操作。","HttpMethod":"DELETE","Template":"","Parameters":[{"Id":"c18959b7-ec42-4018-a93e-bc950da420d5&^^&BatchDeleteParam","Code":"ids","Name":"单据内码列表","Description":"单据内码列表","ModelId":"string","ModelCode":null,"ModelName":"string","RefId":null,"RefCode":null,"RefName":null,"RefPath":null,"RefFileName":null,"ModelType":0,"In":"Query","IsRequired":true,"ListDeepth":0,"isCollection":false,"isRetVal":false,"isBasicType":true}],"ResourceOpId":"c18959b7-ec42-4018-a93e-bc950da420d5&^^&BatchDelete","Transaction":false,"AssemblyInfo":null,"Extend1":"Basic","Extend2":null,"isDeprecated":true},{"Id":"c18959b7-ec42-4018-a93e-bc950da420d5&^^&BatchDeleteAndSave","Code":"BatchDeleteAndSave","Name":"批量删除销售订单并保存","Description":"批量删除指定的销售订单，并持久化到数据库。","HttpMethod":"POST","Template":"/batchdeleteandsave","Parameters":[{"Id":"c18959b7-ec42-4018-a93e-bc950da420d5&^^&RequestInfo","Code":"requestInfo","Name":"请求信息","Description":"请求信息","ModelId":"c18959b7-ec42-4018-a93e-bc950da420d5&^^&RequestInfo","ModelCode":"RequestInfo","ModelName":"RequestInfo","RefId":"c18959b7-ec42-4018-a93e-bc950da420d5&^^&RequestInfo","RefCode":"RequestInfo","RefName":"RequestInfo","RefPath":null,"RefFileName":null,"ModelType":1,"In":"Body","IsRequired":false,"ListDeepth":0,"isCollection":false,"isRetVal":false,"isBasicType":false},{"Id":"c18959b7-ec42-4018-a93e-bc950da420d5&^^&IdsParam","Code":"ids","Name":"单据内码列表","Description":"批量删除的单据内码列表","ModelId":"string","ModelCode":null,"ModelName":"string","RefId":null,"RefCode":null,"RefName":null,"RefPath":null,"RefFileName":null,"ModelType":0,"In":"Body","IsRequired":true,"ListDeepth":1,"isCollection":true,"isRetVal":false,"isBasicType":true},{"Id":"c18959b7-ec42-4018-a93e-bc950da420d5&^^&ResponseInfo","Code":"responseInfo","Name":"响应信息","Description":"响应信息","ModelId":"c18959b7-ec42-4018-a93e-bc950da420d5&^^&ResponseInfo","ModelCode":"ResponseInfo","ModelName":"ResponseInfo","RefId":"c18959b7-ec42-4018-a93e-bc950da420d5&^^&ResponseInfo","RefCode":"ResponseInfo","RefName":"ResponseInfo","RefPath":null,"RefFileName":null,"ModelType":1,"In":"","IsRequired":true,"ListDeepth":0,"isCollection":false,"isRetVal":true,"isBasicType":false}],"ResourceOpId":"c18959b7-ec42-4018-a93e-bc950da420d5&^^&BatchDeleteAndSave","Transaction":false,"AssemblyInfo":null,"Extend1":"Basic","Extend2":null,"isDeprecated":false},{"Id":"c18959b7-ec42-4018-a93e-bc950da420d5&^^&Update","Code":"Update","Name":"更新销售订单","Description":"通过变更集更新销售订单。","HttpMethod":"PATCH","Template":"","Parameters":[{"Id":"c18959b7-ec42-4018-a93e-bc950da420d5&^^&RequestInfo","Code":"requestInfo","Name":"请求信息","Description":"请求信息","ModelId":"c18959b7-ec42-4018-a93e-bc950da420d5&^^&RequestInfo","ModelCode":"RequestInfo","ModelName":"RequestInfo","RefId":"c18959b7-ec42-4018-a93e-bc950da420d5&^^&RequestInfo","RefCode":"RequestInfo","RefName":"RequestInfo","RefPath":null,"RefFileName":null,"ModelType":1,"In":"Body","IsRequired":false,"ListDeepth":0,"isCollection":false,"isRetVal":false,"isBasicType":false},{"Id":"c18959b7-ec42-4018-a93e-bc950da420d5&^^&UpdateParam","Code":"changeDetail","Name":"数据变更集","Description":"数据变更集","ModelId":"c18959b7-ec42-4018-a93e-bc950da420d5&^^&ChangeDetail","ModelCode":"ChangeDetail","ModelName":"ChangeDetail","RefId":"c18959b7-ec42-4018-a93e-bc950da420d5&^^&ChangeDetail","RefCode":"ChangeDetail","RefName":"ChangeDetail","RefPath":null,"RefFileName":null,"ModelType":1,"In":"Body","IsRequired":true,"ListDeepth":0,"isCollection":false,"isRetVal":false,"isBasicType":false},{"Id":"c18959b7-ec42-4018-a93e-bc950da420d5&^^&ResponseInfo","Code":"responseInfo","Name":"响应信息","Description":"响应信息","ModelId":"c18959b7-ec42-4018-a93e-bc950da420d5&^^&ResponseInfo","ModelCode":"ResponseInfo","ModelName":"ResponseInfo","RefId":"c18959b7-ec42-4018-a93e-bc950da420d5&^^&ResponseInfo","RefCode":"ResponseInfo","RefName":"ResponseInfo","RefPath":null,"RefFileName":null,"ModelType":1,"In":"","IsRequired":true,"ListDeepth":0,"isCollection":false,"isRetVal":true,"isBasicType":false}],"ResourceOpId":"c18959b7-ec42-4018-a93e-bc950da420d5&^^&Update","Transaction":false,"AssemblyInfo":null,"Extend1":"Basic","Extend2":null,"isDeprecated":false},{"Id":"c18959b7-ec42-4018-a93e-bc950da420d5&^^&Retrieve","Code":"Retrieve","Name":"检索销售订单","Description":"检索指定的销售订单，返回结果中包含销售订单的所有子表数据。","HttpMethod":"GET","Template":"/{dataId}","Parameters":[{"Id":"c18959b7-ec42-4018-a93e-bc950da420d5&^^&RetrieveParam","Code":"dataId","Name":"单据内码","Description":"单据内码","ModelId":"string","ModelCode":null,"ModelName":"string","RefId":null,"RefCode":null,"RefName":null,"RefPath":null,"RefFileName":null,"ModelType":0,"In":"Path","IsRequired":true,"ListDeepth":0,"isCollection":false,"isRetVal":false,"isBasicType":true},{"Id":"c18959b7-ec42-4018-a93e-bc950da420d5&^^&RetrieveParam1","Code":"SO","Name":"销售订单","Description":"实体模型","ModelId":"c18959b7-ec42-4018-a93e-bc950da420d5","ModelCode":"SaleOrderList_frm","ModelName":"销售订单列表_frm","RefId":"010e1957-d00a-410a-9f2c-ab6aa677d504","RefCode":"SO","RefName":"销售订单","RefPath":null,"RefFileName":null,"ModelType":0,"In":"","IsRequired":true,"ListDeepth":0,"isCollection":false,"isRetVal":true,"isBasicType":false}],"ResourceOpId":"c18959b7-ec42-4018-a93e-bc950da420d5&^^&Retrieve","Transaction":false,"AssemblyInfo":null,"Extend1":"Basic","Extend2":null,"isDeprecated":false},{"Id":"c18959b7-ec42-4018-a93e-bc950da420d5&^^&RetrieveWithChildPagination","Code":"RetrieveWithChildPagination","Name":"检索销售订单（支持子表分页）","Description":"检索指定的销售订单，可对指定子表进行分页。","HttpMethod":"PUT","Template":"/service/retrieve/{dataId}","Parameters":[{"Id":"c18959b7-ec42-4018-a93e-bc950da420d5&^^&RequestInfo","Code":"requestInfo","Name":"请求信息","Description":"请求信息","ModelId":"c18959b7-ec42-4018-a93e-bc950da420d5&^^&RequestInfo","ModelCode":"RequestInfo","ModelName":"RequestInfo","RefId":"c18959b7-ec42-4018-a93e-bc950da420d5&^^&RequestInfo","RefCode":"RequestInfo","RefName":"RequestInfo","RefPath":null,"RefFileName":null,"ModelType":1,"In":"Body","IsRequired":false,"ListDeepth":0,"isCollection":false,"isRetVal":false,"isBasicType":false},{"Id":"c18959b7-ec42-4018-a93e-bc950da420d5&^^&dataId","Code":"dataId","Name":"单据内码","Description":"单据内码","ModelId":"string","ModelCode":null,"ModelName":"string","RefId":null,"RefCode":null,"RefName":null,"RefPath":null,"RefFileName":null,"ModelType":0,"In":"Path","IsRequired":true,"ListDeepth":0,"isCollection":false,"isRetVal":false,"isBasicType":true},{"Id":"c18959b7-ec42-4018-a93e-bc950da420d5&^^&retrieveParam","Code":"retrieveParam","Name":"查询参数","Description":"查询参数","ModelId":"c18959b7-ec42-4018-a93e-bc950da420d5&^^&RetrieveParam","ModelCode":"RetrieveParam","ModelName":"RetrieveParam","RefId":"c18959b7-ec42-4018-a93e-bc950da420d5&^^&RetrieveParam","RefCode":"RetrieveParam","RefName":"RetrieveParam","RefPath":null,"RefFileName":null,"ModelType":1,"In":"Body","IsRequired":true,"ListDeepth":0,"isCollection":false,"isRetVal":false,"isBasicType":false},{"Id":"c18959b7-ec42-4018-a93e-bc950da420d5&^^&ResponseInfo","Code":"responseInfo","Name":"响应信息","Description":"响应信息","ModelId":"c18959b7-ec42-4018-a93e-bc950da420d5&^^&ResponseInfo","ModelCode":"ResponseInfo","ModelName":"ResponseInfo","RefId":"c18959b7-ec42-4018-a93e-bc950da420d5&^^&ResponseInfo","RefCode":"ResponseInfo","RefName":"ResponseInfo","RefPath":null,"RefFileName":null,"ModelType":1,"In":"","IsRequired":true,"ListDeepth":0,"isCollection":false,"isRetVal":true,"isBasicType":false}],"ResourceOpId":"c18959b7-ec42-4018-a93e-bc950da420d5&^^&RetrieveWithChildPagination","Transaction":false,"AssemblyInfo":null,"Extend1":"Basic","Extend2":null,"isDeprecated":false},{"Id":"c18959b7-ec42-4018-a93e-bc950da420d5&^^&QueryChild","Code":"QueryChild","Name":"查询销售订单特定子表的数据","Description":"查询指定的销售订单下特定子表的数据。可对指定子表进行过滤、排序、分页。","HttpMethod":"PUT","Template":"/service/querychild","Parameters":[{"Id":"c18959b7-ec42-4018-a93e-bc950da420d5&^^&RequestInfo","Code":"requestInfo","Name":"请求信息","Description":"请求信息","ModelId":"c18959b7-ec42-4018-a93e-bc950da420d5&^^&RequestInfo","ModelCode":"RequestInfo","ModelName":"RequestInfo","RefId":"c18959b7-ec42-4018-a93e-bc950da420d5&^^&RequestInfo","RefCode":"RequestInfo","RefName":"RequestInfo","RefPath":null,"RefFileName":null,"ModelType":1,"In":"Body","IsRequired":false,"ListDeepth":0,"isCollection":false,"isRetVal":false,"isBasicType":false},{"Id":"c18959b7-ec42-4018-a93e-bc950da420d5&^^&nodeCodes","Code":"nodeCodes","Name":"节点编号列表","Description":"节点编号列表","ModelId":"string","ModelCode":null,"ModelName":"string","RefId":null,"RefCode":null,"RefName":null,"RefPath":null,"RefFileName":null,"ModelType":0,"In":"Body","IsRequired":true,"ListDeepth":1,"isCollection":true,"isRetVal":false,"isBasicType":true},{"Id":"c18959b7-ec42-4018-a93e-bc950da420d5&^^&ids","Code":"ids","Name":"内码列表","Description":"内码列表","ModelId":"string","ModelCode":null,"ModelName":"string","RefId":null,"RefCode":null,"RefName":null,"RefPath":null,"RefFileName":null,"ModelType":0,"In":"Body","IsRequired":true,"ListDeepth":1,"isCollection":true,"isRetVal":false,"isBasicType":true},{"Id":"c18959b7-ec42-4018-a93e-bc950da420d5&^^&pagination","Code":"pagination","Name":"分页信息","Description":"分页信息","ModelId":"c18959b7-ec42-4018-a93e-bc950da420d5&^^&Pagination","ModelCode":"Pagination","ModelName":"Pagination","RefId":"c18959b7-ec42-4018-a93e-bc950da420d5&^^&Pagination","RefCode":"Pagination","RefName":"Pagination","RefPath":null,"RefFileName":null,"ModelType":1,"In":"Body","IsRequired":true,"ListDeepth":0,"isCollection":false,"isRetVal":false,"isBasicType":false},{"Id":"c18959b7-ec42-4018-a93e-bc950da420d5&^^&ResponseInfo","Code":"responseInfo","Name":"响应信息","Description":"响应信息","ModelId":"c18959b7-ec42-4018-a93e-bc950da420d5&^^&ResponseInfo","ModelCode":"ResponseInfo","ModelName":"ResponseInfo","RefId":"c18959b7-ec42-4018-a93e-bc950da420d5&^^&ResponseInfo","RefCode":"ResponseInfo","RefName":"ResponseInfo","RefPath":null,"RefFileName":null,"ModelType":1,"In":"","IsRequired":true,"ListDeepth":0,"isCollection":false,"isRetVal":true,"isBasicType":false}],"ResourceOpId":"c18959b7-ec42-4018-a93e-bc950da420d5&^^&QueryChild","Transaction":false,"AssemblyInfo":null,"Extend1":"Basic","Extend2":null,"isDeprecated":false},{"Id":"c18959b7-ec42-4018-a93e-bc950da420d5&^^&Query","Code":"Query","Name":"查询销售订单","Description":"查询销售订单，可指定查询过滤条件、排序字段、设置分页。","HttpMethod":"GET","Template":"","Parameters":[{"Id":"c18959b7-ec42-4018-a93e-bc950da420d5&^^&EntityFilterParam","Code":"entityFilter","Name":"过滤条件","Description":"过滤条件","ModelId":"string","ModelCode":null,"ModelName":"string","RefId":null,"RefCode":null,"RefName":null,"RefPath":null,"RefFileName":null,"ModelType":0,"In":"Query","IsRequired":true,"ListDeepth":0,"isCollection":false,"isRetVal":false,"isBasicType":true},{"Id":"c18959b7-ec42-4018-a93e-bc950da420d5&^^&QueryParam","Code":"SO","Name":"销售订单","Description":"实体模型","ModelId":"c18959b7-ec42-4018-a93e-bc950da420d5","ModelCode":"SaleOrderList_frm","ModelName":"销售订单列表_frm","RefId":"010e1957-d00a-410a-9f2c-ab6aa677d504","RefCode":"SO","RefName":"销售订单","RefPath":null,"RefFileName":null,"ModelType":0,"In":"","IsRequired":true,"ListDeepth":1,"isCollection":true,"isRetVal":true,"isBasicType":false}],"ResourceOpId":"c18959b7-ec42-4018-a93e-bc950da420d5&^^&Query","Transaction":false,"AssemblyInfo":null,"Extend1":"Basic","Extend2":null,"isDeprecated":true},{"Id":"c18959b7-ec42-4018-a93e-bc950da420d5&^^&Save","Code":"Save","Name":"保存","Description":"将当前业务上下文内所有修改的数据持久化到数据库。","HttpMethod":"PUT","Template":"","Parameters":[{"Id":"c18959b7-ec42-4018-a93e-bc950da420d5&^^&RequestInfo","Code":"requestInfo","Name":"请求信息","Description":"请求信息","ModelId":"c18959b7-ec42-4018-a93e-bc950da420d5&^^&RequestInfo","ModelCode":"RequestInfo","ModelName":"RequestInfo","RefId":"c18959b7-ec42-4018-a93e-bc950da420d5&^^&RequestInfo","RefCode":"RequestInfo","RefName":"RequestInfo","RefPath":null,"RefFileName":null,"ModelType":1,"In":"Body","IsRequired":false,"ListDeepth":0,"isCollection":false,"isRetVal":false,"isBasicType":false},{"Id":"c18959b7-ec42-4018-a93e-bc950da420d5&^^&ResponseInfo","Code":"responseInfo","Name":"响应信息","Description":"响应信息","ModelId":"c18959b7-ec42-4018-a93e-bc950da420d5&^^&ResponseInfo","ModelCode":"ResponseInfo","ModelName":"ResponseInfo","RefId":"c18959b7-ec42-4018-a93e-bc950da420d5&^^&ResponseInfo","RefCode":"ResponseInfo","RefName":"ResponseInfo","RefPath":null,"RefFileName":null,"ModelType":1,"In":"","IsRequired":true,"ListDeepth":0,"isCollection":false,"isRetVal":true,"isBasicType":false}],"ResourceOpId":"c18959b7-ec42-4018-a93e-bc950da420d5&^^&Save","Transaction":false,"AssemblyInfo":null,"Extend1":"Basic","Extend2":null,"isDeprecated":false},{"Id":"c18959b7-ec42-4018-a93e-bc950da420d5&^^&Cancel","Code":"Cancel","Name":"取消","Description":"取消所有数据的修改，此操作会将修改过程中锁定的数据解锁。","HttpMethod":"POST","Template":"service/cancel","Parameters":null,"ResourceOpId":"c18959b7-ec42-4018-a93e-bc950da420d5&^^&Cancel","Transaction":false,"AssemblyInfo":null,"Extend1":"Basic","Extend2":null,"isDeprecated":false},{"Id":"c18959b7-ec42-4018-a93e-bc950da420d5&^^&HasChanges","Code":"HasChanges","Name":"检查变更","Description":"检查当前业务上下文内是否存在未保存的变更","HttpMethod":"PUT","Template":"haschanges","Parameters":[{"Id":"c18959b7-ec42-4018-a93e-bc950da420d5&^^&RequestInfo","Code":"requestInfo","Name":"请求信息","Description":"请求信息","ModelId":"c18959b7-ec42-4018-a93e-bc950da420d5&^^&RequestInfo","ModelCode":"RequestInfo","ModelName":"RequestInfo","RefId":"c18959b7-ec42-4018-a93e-bc950da420d5&^^&RequestInfo","RefCode":"RequestInfo","RefName":"RequestInfo","RefPath":null,"RefFileName":null,"ModelType":1,"In":"Body","IsRequired":false,"ListDeepth":0,"isCollection":false,"isRetVal":false,"isBasicType":false},{"Id":"c18959b7-ec42-4018-a93e-bc950da420d5&^^&ResponseInfo","Code":"responseInfo","Name":"响应信息","Description":"响应信息","ModelId":"c18959b7-ec42-4018-a93e-bc950da420d5&^^&ResponseInfo","ModelCode":"ResponseInfo","ModelName":"ResponseInfo","RefId":"c18959b7-ec42-4018-a93e-bc950da420d5&^^&ResponseInfo","RefCode":"ResponseInfo","RefName":"ResponseInfo","RefPath":null,"RefFileName":null,"ModelType":1,"In":"","IsRequired":true,"ListDeepth":0,"isCollection":false,"isRetVal":true,"isBasicType":false}],"ResourceOpId":"c18959b7-ec42-4018-a93e-bc950da420d5&^^&HasChanges","Transaction":false,"AssemblyInfo":null,"Extend1":"Basic","Extend2":null,"isDeprecated":false},{"Id":"c18959b7-ec42-4018-a93e-bc950da420d5&^^&ElementHelp","Code":"GetElementHelp","Name":"获取字段帮助数据","Description":"获取指定帮助字段的帮助数据，支持销售订单及其子表的所有帮助字段的帮助数据。如果查询条件较长，建议使用”获取字段帮助数据“操作。","HttpMethod":"GET","Template":"elementhelps/{labelId}","Parameters":[{"Id":"c18959b7-ec42-4018-a93e-bc950da420d5&^^&labelIdParam","Code":"labelId","Name":"标签Id","Description":"标签内码","ModelId":"string","ModelCode":null,"ModelName":"string","RefId":null,"RefCode":null,"RefName":null,"RefPath":null,"RefFileName":null,"ModelType":0,"In":"Path","IsRequired":true,"ListDeepth":0,"isCollection":false,"isRetVal":false,"isBasicType":true},{"Id":"c18959b7-ec42-4018-a93e-bc950da420d5&^^&nodeCodeParam","Code":"nodeCode","Name":"节点编号","Description":"节点编号","ModelId":"string","ModelCode":null,"ModelName":"string","RefId":null,"RefCode":null,"RefName":null,"RefPath":null,"RefFileName":null,"ModelType":0,"In":"Query","IsRequired":true,"ListDeepth":0,"isCollection":false,"isRetVal":false,"isBasicType":true},{"Id":"c18959b7-ec42-4018-a93e-bc950da420d5&^^&queryParam","Code":"queryParam","Name":"查询参数","Description":"查询参数","ModelId":"string","ModelCode":null,"ModelName":"string","RefId":null,"RefCode":null,"RefName":null,"RefPath":null,"RefFileName":null,"ModelType":0,"In":"Query","IsRequired":true,"ListDeepth":0,"isCollection":false,"isRetVal":false,"isBasicType":true},{"Id":"c18959b7-ec42-4018-a93e-bc950da420d5&^^&ElementHelpRetParam","Code":"return","Name":"返回值","Description":"返回值","ModelId":"c18959b7-ec42-4018-a93e-bc950da420d5&^^&LookupResult","ModelCode":"LookupResult","ModelName":"LookupResult","RefId":"c18959b7-ec42-4018-a93e-bc950da420d5&^^&LookupResult","RefCode":"LookupResult","RefName":"LookupResult","RefPath":null,"RefFileName":null,"ModelType":1,"In":"","IsRequired":true,"ListDeepth":0,"isCollection":false,"isRetVal":true,"isBasicType":false}],"ResourceOpId":"c18959b7-ec42-4018-a93e-bc950da420d5&^^&ElementHelp","Transaction":false,"AssemblyInfo":null,"Extend1":"Basic","Extend2":null,"isDeprecated":true},{"Id":"c18959b7-ec42-4018-a93e-bc950da420d5&^^&CreateChild##OrderItem","Code":"CreateChild_OrderItem","Name":"新增订单明细","Description":"新增订单明细。","HttpMethod":"POST","Template":"/{rootId}/orderitem","Parameters":[{"Id":"c18959b7-ec42-4018-a93e-bc950da420d5&^^&RequestInfo","Code":"requestInfo","Name":"请求信息","Description":"请求信息","ModelId":"c18959b7-ec42-4018-a93e-bc950da420d5&^^&RequestInfo","ModelCode":"RequestInfo","ModelName":"RequestInfo","RefId":"c18959b7-ec42-4018-a93e-bc950da420d5&^^&RequestInfo","RefCode":"RequestInfo","RefName":"RequestInfo","RefPath":null,"RefFileName":null,"ModelType":1,"In":"Body","IsRequired":false,"ListDeepth":0,"isCollection":false,"isRetVal":false,"isBasicType":false},{"Id":"c18959b7-ec42-4018-a93e-bc950da420d5rootId","Code":"rootId","Name":"主表root数据ID","Description":"主表root数据的所属实体数据的唯一标识","ModelId":"string","ModelCode":null,"ModelName":"string","RefId":null,"RefCode":null,"RefName":null,"RefPath":null,"RefFileName":null,"ModelType":0,"In":"Path","IsRequired":true,"ListDeepth":0,"isCollection":false,"isRetVal":false,"isBasicType":true},{"Id":"c18959b7-ec42-4018-a93e-bc950da420d5&^^&ResponseInfo","Code":"responseInfo","Name":"响应信息","Description":"响应信息","ModelId":"c18959b7-ec42-4018-a93e-bc950da420d5&^^&ResponseInfo","ModelCode":"ResponseInfo","ModelName":"ResponseInfo","RefId":"c18959b7-ec42-4018-a93e-bc950da420d5&^^&ResponseInfo","RefCode":"ResponseInfo","RefName":"ResponseInfo","RefPath":null,"RefFileName":null,"ModelType":1,"In":"","IsRequired":true,"ListDeepth":0,"isCollection":false,"isRetVal":true,"isBasicType":false}],"ResourceOpId":"c18959b7-ec42-4018-a93e-bc950da420d5&^^&CreateChild##OrderItem","Transaction":false,"AssemblyInfo":null,"Extend1":"Basic","Extend2":"OrderItem","isDeprecated":false},{"Id":"c18959b7-ec42-4018-a93e-bc950da420d5&^^&CreateChild##Plus","Code":"CreateChild_Plus","Name":"新增附件","Description":"新增附件。","HttpMethod":"POST","Template":"/{rootId}/plus","Parameters":[{"Id":"c18959b7-ec42-4018-a93e-bc950da420d5&^^&RequestInfo","Code":"requestInfo","Name":"请求信息","Description":"请求信息","ModelId":"c18959b7-ec42-4018-a93e-bc950da420d5&^^&RequestInfo","ModelCode":"RequestInfo","ModelName":"RequestInfo","RefId":"c18959b7-ec42-4018-a93e-bc950da420d5&^^&RequestInfo","RefCode":"RequestInfo","RefName":"RequestInfo","RefPath":null,"RefFileName":null,"ModelType":1,"In":"Body","IsRequired":false,"ListDeepth":0,"isCollection":false,"isRetVal":false,"isBasicType":false},{"Id":"c18959b7-ec42-4018-a93e-bc950da420d5rootId","Code":"rootId","Name":"主表root数据ID","Description":"主表root数据的所属实体数据的唯一标识","ModelId":"string","ModelCode":null,"ModelName":"string","RefId":null,"RefCode":null,"RefName":null,"RefPath":null,"RefFileName":null,"ModelType":0,"In":"Path","IsRequired":true,"ListDeepth":0,"isCollection":false,"isRetVal":false,"isBasicType":true},{"Id":"c18959b7-ec42-4018-a93e-bc950da420d5&^^&ResponseInfo","Code":"responseInfo","Name":"响应信息","Description":"响应信息","ModelId":"c18959b7-ec42-4018-a93e-bc950da420d5&^^&ResponseInfo","ModelCode":"ResponseInfo","ModelName":"ResponseInfo","RefId":"c18959b7-ec42-4018-a93e-bc950da420d5&^^&ResponseInfo","RefCode":"ResponseInfo","RefName":"ResponseInfo","RefPath":null,"RefFileName":null,"ModelType":1,"In":"","IsRequired":true,"ListDeepth":0,"isCollection":false,"isRetVal":true,"isBasicType":false}],"ResourceOpId":"c18959b7-ec42-4018-a93e-bc950da420d5&^^&CreateChild##Plus","Transaction":false,"AssemblyInfo":null,"Extend1":"Basic","Extend2":"Plus","isDeprecated":false},{"Id":"c18959b7-ec42-4018-a93e-bc950da420d5&^^&BatchCreateChild##OrderItem","Code":"BatchCreateChild_OrderItem","Name":"批量新增订单明细","Description":"批量新增订单明细，可指定字段初始值。","HttpMethod":"POST","Template":"/{rootId}/orderitem/batch","Parameters":[{"Id":"c18959b7-ec42-4018-a93e-bc950da420d5&^^&RequestInfo","Code":"requestInfo","Name":"请求信息","Description":"请求信息","ModelId":"c18959b7-ec42-4018-a93e-bc950da420d5&^^&RequestInfo","ModelCode":"RequestInfo","ModelName":"RequestInfo","RefId":"c18959b7-ec42-4018-a93e-bc950da420d5&^^&RequestInfo","RefCode":"RequestInfo","RefName":"RequestInfo","RefPath":null,"RefFileName":null,"ModelType":1,"In":"Body","IsRequired":false,"ListDeepth":0,"isCollection":false,"isRetVal":false,"isBasicType":false},{"Id":"c18959b7-ec42-4018-a93e-bc950da420d5rootId","Code":"rootId","Name":"主表root数据ID","Description":"主表root数据的所属实体数据的唯一标识","ModelId":"string","ModelCode":null,"ModelName":"string","RefId":null,"RefCode":null,"RefName":null,"RefPath":null,"RefFileName":null,"ModelType":0,"In":"Path","IsRequired":true,"ListDeepth":0,"isCollection":false,"isRetVal":false,"isBasicType":true},{"Id":"c18959b7-ec42-4018-a93e-bc950da420d5&^^&RetrieveDefaultParam","Code":"retrieveDefaultParam","Name":"默认值","Description":"批量新增从表的默认值","ModelId":"c18959b7-ec42-4018-a93e-bc950da420d5&^^&RetrieveDefaultParam","ModelCode":"RetrieveDefaultParam","ModelName":"RetrieveDefaultParam","RefId":"RetrieveDefaultParam","RefCode":"RetrieveDefaultParam","RefName":"RetrieveDefaultParam","RefPath":null,"RefFileName":null,"ModelType":1,"In":"Body","IsRequired":true,"ListDeepth":0,"isCollection":false,"isRetVal":false,"isBasicType":false},{"Id":"c18959b7-ec42-4018-a93e-bc950da420d5&^^&ResponseInfo","Code":"responseInfo","Name":"响应信息","Description":"响应信息","ModelId":"c18959b7-ec42-4018-a93e-bc950da420d5&^^&ResponseInfo","ModelCode":"ResponseInfo","ModelName":"ResponseInfo","RefId":"c18959b7-ec42-4018-a93e-bc950da420d5&^^&ResponseInfo","RefCode":"ResponseInfo","RefName":"ResponseInfo","RefPath":null,"RefFileName":null,"ModelType":1,"In":"","IsRequired":true,"ListDeepth":0,"isCollection":false,"isRetVal":true,"isBasicType":false}],"ResourceOpId":"c18959b7-ec42-4018-a93e-bc950da420d5&^^&BatchCreateChild##OrderItem","Transaction":false,"AssemblyInfo":null,"Extend1":"Basic","Extend2":"OrderItem","isDeprecated":false},{"Id":"c18959b7-ec42-4018-a93e-bc950da420d5&^^&BatchCreateChild##Plus","Code":"BatchCreateChild_Plus","Name":"批量新增附件","Description":"批量新增附件，可指定字段初始值。","HttpMethod":"POST","Template":"/{rootId}/plus/batch","Parameters":[{"Id":"c18959b7-ec42-4018-a93e-bc950da420d5&^^&RequestInfo","Code":"requestInfo","Name":"请求信息","Description":"请求信息","ModelId":"c18959b7-ec42-4018-a93e-bc950da420d5&^^&RequestInfo","ModelCode":"RequestInfo","ModelName":"RequestInfo","RefId":"c18959b7-ec42-4018-a93e-bc950da420d5&^^&RequestInfo","RefCode":"RequestInfo","RefName":"RequestInfo","RefPath":null,"RefFileName":null,"ModelType":1,"In":"Body","IsRequired":false,"ListDeepth":0,"isCollection":false,"isRetVal":false,"isBasicType":false},{"Id":"c18959b7-ec42-4018-a93e-bc950da420d5rootId","Code":"rootId","Name":"主表root数据ID","Description":"主表root数据的所属实体数据的唯一标识","ModelId":"string","ModelCode":null,"ModelName":"string","RefId":null,"RefCode":null,"RefName":null,"RefPath":null,"RefFileName":null,"ModelType":0,"In":"Path","IsRequired":true,"ListDeepth":0,"isCollection":false,"isRetVal":false,"isBasicType":true},{"Id":"c18959b7-ec42-4018-a93e-bc950da420d5&^^&RetrieveDefaultParam","Code":"retrieveDefaultParam","Name":"默认值","Description":"批量新增从表的默认值","ModelId":"c18959b7-ec42-4018-a93e-bc950da420d5&^^&RetrieveDefaultParam","ModelCode":"RetrieveDefaultParam","ModelName":"RetrieveDefaultParam","RefId":"RetrieveDefaultParam","RefCode":"RetrieveDefaultParam","RefName":"RetrieveDefaultParam","RefPath":null,"RefFileName":null,"ModelType":1,"In":"Body","IsRequired":true,"ListDeepth":0,"isCollection":false,"isRetVal":false,"isBasicType":false},{"Id":"c18959b7-ec42-4018-a93e-bc950da420d5&^^&ResponseInfo","Code":"responseInfo","Name":"响应信息","Description":"响应信息","ModelId":"c18959b7-ec42-4018-a93e-bc950da420d5&^^&ResponseInfo","ModelCode":"ResponseInfo","ModelName":"ResponseInfo","RefId":"c18959b7-ec42-4018-a93e-bc950da420d5&^^&ResponseInfo","RefCode":"ResponseInfo","RefName":"ResponseInfo","RefPath":null,"RefFileName":null,"ModelType":1,"In":"","IsRequired":true,"ListDeepth":0,"isCollection":false,"isRetVal":true,"isBasicType":false}],"ResourceOpId":"c18959b7-ec42-4018-a93e-bc950da420d5&^^&BatchCreateChild##Plus","Transaction":false,"AssemblyInfo":null,"Extend1":"Basic","Extend2":"Plus","isDeprecated":false},{"Id":"c18959b7-ec42-4018-a93e-bc950da420d5&^^&DeleteChild##OrderItem","Code":"DeleteChild_OrderItem","Name":"删除订单明细","Description":"删除订单明细，该操作仅在当前业务上下文中删除，并不会持久化到数据库。后续需调用”保存“操作进行持久化。","HttpMethod":"DELETE","Template":"/{rootId}/orderitem/{orderItemId}","Parameters":[{"Id":"c18959b7-ec42-4018-a93e-bc950da420d5rootId","Code":"rootId","Name":"主表root数据ID","Description":"主表root数据的所属实体数据的唯一标识","ModelId":"string","ModelCode":null,"ModelName":"string","RefId":null,"RefCode":null,"RefName":null,"RefPath":null,"RefFileName":null,"ModelType":0,"In":"Path","IsRequired":true,"ListDeepth":0,"isCollection":false,"isRetVal":false,"isBasicType":true},{"Id":"c18959b7-ec42-4018-a93e-bc950da420d5orderItemId","Code":"orderItemId","Name":"从表orderItem数据ID","Description":"从表orderItem数据的所属实体数据的唯一标识","ModelId":"string","ModelCode":null,"ModelName":"string","RefId":null,"RefCode":null,"RefName":null,"RefPath":null,"RefFileName":null,"ModelType":0,"In":"Path","IsRequired":true,"ListDeepth":0,"isCollection":false,"isRetVal":false,"isBasicType":true}],"ResourceOpId":"c18959b7-ec42-4018-a93e-bc950da420d5&^^&DeleteChild##OrderItem","Transaction":false,"AssemblyInfo":null,"Extend1":"Basic","Extend2":"OrderItem","isDeprecated":false},{"Id":"c18959b7-ec42-4018-a93e-bc950da420d5&^^&DeleteChild##Plus","Code":"DeleteChild_Plus","Name":"删除附件","Description":"删除附件，该操作仅在当前业务上下文中删除，并不会持久化到数据库。后续需调用”保存“操作进行持久化。","HttpMethod":"DELETE","Template":"/{rootId}/plus/{plusId}","Parameters":[{"Id":"c18959b7-ec42-4018-a93e-bc950da420d5rootId","Code":"rootId","Name":"主表root数据ID","Description":"主表root数据的所属实体数据的唯一标识","ModelId":"string","ModelCode":null,"ModelName":"string","RefId":null,"RefCode":null,"RefName":null,"RefPath":null,"RefFileName":null,"ModelType":0,"In":"Path","IsRequired":true,"ListDeepth":0,"isCollection":false,"isRetVal":false,"isBasicType":true},{"Id":"c18959b7-ec42-4018-a93e-bc950da420d5plusId","Code":"plusId","Name":"从表plus数据ID","Description":"从表plus数据的所属实体数据的唯一标识","ModelId":"string","ModelCode":null,"ModelName":"string","RefId":null,"RefCode":null,"RefName":null,"RefPath":null,"RefFileName":null,"ModelType":0,"In":"Path","IsRequired":true,"ListDeepth":0,"isCollection":false,"isRetVal":false,"isBasicType":true}],"ResourceOpId":"c18959b7-ec42-4018-a93e-bc950da420d5&^^&DeleteChild##Plus","Transaction":false,"AssemblyInfo":null,"Extend1":"Basic","Extend2":"Plus","isDeprecated":false},{"Id":"c18959b7-ec42-4018-a93e-bc950da420d5&^^&Extend_Delete","Code":"Extend_Delete","Name":"删除销售订单","Description":"删除指定的销售订单。该操作仅在当前业务上下文中删除，并不会持久化到数据库。后续需调用”保存“操作进行持久化，如需要立即持久化，请调用”删除销售订单并保存“操作。也可通过变更集，在删除过程中修改其他数据，并返回删除过程中产生的其他变更。","HttpMethod":"PUT","Template":"/extension/delete/{dataId}","Parameters":[{"Id":"c18959b7-ec42-4018-a93e-bc950da420d5&^^&RequestInfo","Code":"requestInfo","Name":"请求信息","Description":"请求信息","ModelId":"c18959b7-ec42-4018-a93e-bc950da420d5&^^&RequestInfo","ModelCode":"RequestInfo","ModelName":"RequestInfo","RefId":"c18959b7-ec42-4018-a93e-bc950da420d5&^^&RequestInfo","RefCode":"RequestInfo","RefName":"RequestInfo","RefPath":null,"RefFileName":null,"ModelType":1,"In":"Body","IsRequired":false,"ListDeepth":0,"isCollection":false,"isRetVal":false,"isBasicType":false},{"Id":"c18959b7-ec42-4018-a93e-bc950da420d5&^^&DeleteParam","Code":"dataId","Name":"单据内码","Description":"单据内码","ModelId":"string","ModelCode":null,"ModelName":"string","RefId":null,"RefCode":null,"RefName":null,"RefPath":null,"RefFileName":null,"ModelType":0,"In":"Path","IsRequired":false,"ListDeepth":0,"isCollection":false,"isRetVal":false,"isBasicType":true},{"Id":"c18959b7-ec42-4018-a93e-bc950da420d5&^^&ResponseInfo","Code":"responseInfo","Name":"响应信息","Description":"响应信息","ModelId":"c18959b7-ec42-4018-a93e-bc950da420d5&^^&ResponseInfo","ModelCode":"ResponseInfo","ModelName":"ResponseInfo","RefId":"c18959b7-ec42-4018-a93e-bc950da420d5&^^&ResponseInfo","RefCode":"ResponseInfo","RefName":"ResponseInfo","RefPath":null,"RefFileName":null,"ModelType":1,"In":"","IsRequired":true,"ListDeepth":0,"isCollection":false,"isRetVal":true,"isBasicType":false}],"ResourceOpId":"c18959b7-ec42-4018-a93e-bc950da420d5&^^&Extend_Delete","Transaction":false,"AssemblyInfo":null,"Extend1":"Basic","Extend2":null,"isDeprecated":false},{"Id":"c18959b7-ec42-4018-a93e-bc950da420d5&^^&Extend_BatchDelete","Code":"Extend_BatchDelete","Name":"批量删除销售订单","Description":"批量删除指定的销售订单，如删除数据较多，建议使用”批量删除销售订单“操作。","HttpMethod":"PUT","Template":"/extension/batchdelete","Parameters":[{"Id":"c18959b7-ec42-4018-a93e-bc950da420d5&^^&RequestInfo","Code":"requestInfo","Name":"请求信息","Description":"请求信息","ModelId":"c18959b7-ec42-4018-a93e-bc950da420d5&^^&RequestInfo","ModelCode":"RequestInfo","ModelName":"RequestInfo","RefId":"c18959b7-ec42-4018-a93e-bc950da420d5&^^&RequestInfo","RefCode":"RequestInfo","RefName":"RequestInfo","RefPath":null,"RefFileName":null,"ModelType":1,"In":"Body","IsRequired":false,"ListDeepth":0,"isCollection":false,"isRetVal":false,"isBasicType":false},{"Id":"c18959b7-ec42-4018-a93e-bc950da420d5&^^&BatchDeleteParam","Code":"ids","Name":"单据内码列表","Description":"单据内码列表","ModelId":"string","ModelCode":null,"ModelName":"string","RefId":null,"RefCode":null,"RefName":null,"RefPath":null,"RefFileName":null,"ModelType":0,"In":"Query","IsRequired":true,"ListDeepth":0,"isCollection":false,"isRetVal":false,"isBasicType":true},{"Id":"c18959b7-ec42-4018-a93e-bc950da420d5&^^&ResponseInfo","Code":"responseInfo","Name":"响应信息","Description":"响应信息","ModelId":"c18959b7-ec42-4018-a93e-bc950da420d5&^^&ResponseInfo","ModelCode":"ResponseInfo","ModelName":"ResponseInfo","RefId":"c18959b7-ec42-4018-a93e-bc950da420d5&^^&ResponseInfo","RefCode":"ResponseInfo","RefName":"ResponseInfo","RefPath":null,"RefFileName":null,"ModelType":1,"In":"","IsRequired":true,"ListDeepth":0,"isCollection":false,"isRetVal":true,"isBasicType":false}],"ResourceOpId":"c18959b7-ec42-4018-a93e-bc950da420d5&^^&Extend_BatchDelete","Transaction":false,"AssemblyInfo":null,"Extend1":"Basic","Extend2":null,"isDeprecated":true},{"Id":"c18959b7-ec42-4018-a93e-bc950da420d5&^^&Extension_BatchDeletion","Code":"Extension_BatchDeletion","Name":"批量删除销售订单","Description":"批量删除指定的销售订单，该操作仅在当前业务上下文中删除，并不会持久化到数据库。后续需调用”保存“操作进行持久化，如需要立即持久化，请调用”批量删除销售订单并保存“操作。可在删除过程中，修改其他数据，并返回删除过程中产生的其他变更。","HttpMethod":"PUT","Template":"/extension/batchdeletion","Parameters":[{"Id":"c18959b7-ec42-4018-a93e-bc950da420d5&^^&RequestInfo","Code":"requestInfo","Name":"请求信息","Description":"请求信息","ModelId":"c18959b7-ec42-4018-a93e-bc950da420d5&^^&RequestInfo","ModelCode":"RequestInfo","ModelName":"RequestInfo","RefId":"c18959b7-ec42-4018-a93e-bc950da420d5&^^&RequestInfo","RefCode":"RequestInfo","RefName":"RequestInfo","RefPath":null,"RefFileName":null,"ModelType":1,"In":"Body","IsRequired":false,"ListDeepth":0,"isCollection":false,"isRetVal":false,"isBasicType":false},{"Id":"c18959b7-ec42-4018-a93e-bc950da420d5&^^&Ids","Code":"ids","Name":"单据内码集合","Description":"批量删除的内码集合","ModelId":"string","ModelCode":null,"ModelName":"string","RefId":null,"RefCode":null,"RefName":null,"RefPath":null,"RefFileName":null,"ModelType":0,"In":"Body","IsRequired":true,"ListDeepth":1,"isCollection":true,"isRetVal":false,"isBasicType":true},{"Id":"c18959b7-ec42-4018-a93e-bc950da420d5&^^&ResponseInfo","Code":"responseInfo","Name":"响应信息","Description":"响应信息","ModelId":"c18959b7-ec42-4018-a93e-bc950da420d5&^^&ResponseInfo","ModelCode":"ResponseInfo","ModelName":"ResponseInfo","RefId":"c18959b7-ec42-4018-a93e-bc950da420d5&^^&ResponseInfo","RefCode":"ResponseInfo","RefName":"ResponseInfo","RefPath":null,"RefFileName":null,"ModelType":1,"In":"","IsRequired":true,"ListDeepth":0,"isCollection":false,"isRetVal":true,"isBasicType":false}],"ResourceOpId":"c18959b7-ec42-4018-a93e-bc950da420d5&^^&Extension_BatchDeletion","Transaction":false,"AssemblyInfo":null,"Extend1":"Basic","Extend2":null,"isDeprecated":false},{"Id":"c18959b7-ec42-4018-a93e-bc950da420d5&^^&Extend_Retrieve","Code":"Extend_Retrieve","Name":"检索销售订单","Description":"检索指定的销售订单，返回结果中包含销售订单的所有子表数据。也可通过变更集，在删除过程中修改其他数据，并返回删除过程中产生的其他变更。","HttpMethod":"PUT","Template":"/extension/retrieve/{dataId}","Parameters":[{"Id":"c18959b7-ec42-4018-a93e-bc950da420d5&^^&RequestInfo","Code":"requestInfo","Name":"请求信息","Description":"请求信息","ModelId":"c18959b7-ec42-4018-a93e-bc950da420d5&^^&RequestInfo","ModelCode":"RequestInfo","ModelName":"RequestInfo","RefId":"c18959b7-ec42-4018-a93e-bc950da420d5&^^&RequestInfo","RefCode":"RequestInfo","RefName":"RequestInfo","RefPath":null,"RefFileName":null,"ModelType":1,"In":"Body","IsRequired":false,"ListDeepth":0,"isCollection":false,"isRetVal":false,"isBasicType":false},{"Id":"c18959b7-ec42-4018-a93e-bc950da420d5&^^&RetrieveParam","Code":"dataId","Name":"单据内码","Description":"单据内码","ModelId":"string","ModelCode":null,"ModelName":"string","RefId":null,"RefCode":null,"RefName":null,"RefPath":null,"RefFileName":null,"ModelType":0,"In":"Path","IsRequired":true,"ListDeepth":0,"isCollection":false,"isRetVal":false,"isBasicType":true},{"Id":"c18959b7-ec42-4018-a93e-bc950da420d5&^^&ResponseInfo","Code":"responseInfo","Name":"响应信息","Description":"响应信息","ModelId":"c18959b7-ec42-4018-a93e-bc950da420d5&^^&ResponseInfo","ModelCode":"ResponseInfo","ModelName":"ResponseInfo","RefId":"c18959b7-ec42-4018-a93e-bc950da420d5&^^&ResponseInfo","RefCode":"ResponseInfo","RefName":"ResponseInfo","RefPath":null,"RefFileName":null,"ModelType":1,"In":"","IsRequired":true,"ListDeepth":0,"isCollection":false,"isRetVal":true,"isBasicType":false}],"ResourceOpId":"c18959b7-ec42-4018-a93e-bc950da420d5&^^&Extend_Retrieve","Transaction":false,"AssemblyInfo":null,"Extend1":"Basic","Extend2":null,"isDeprecated":false},{"Id":"c18959b7-ec42-4018-a93e-bc950da420d5&^^&Extend_Query","Code":"Extend_Query","Name":"查询销售订单","Description":"按照查询条件查询销售订单。如果查询条件较长，建议使用”查询销售订单“操作。","HttpMethod":"PUT","Template":"/extension/query","Parameters":[{"Id":"c18959b7-ec42-4018-a93e-bc950da420d5&^^&RequestInfo","Code":"requestInfo","Name":"请求信息","Description":"请求信息","ModelId":"c18959b7-ec42-4018-a93e-bc950da420d5&^^&RequestInfo","ModelCode":"RequestInfo","ModelName":"RequestInfo","RefId":"c18959b7-ec42-4018-a93e-bc950da420d5&^^&RequestInfo","RefCode":"RequestInfo","RefName":"RequestInfo","RefPath":null,"RefFileName":null,"ModelType":1,"In":"Body","IsRequired":false,"ListDeepth":0,"isCollection":false,"isRetVal":false,"isBasicType":false},{"Id":"c18959b7-ec42-4018-a93e-bc950da420d5&^^&EntityFilterParam","Code":"entityFilter","Name":"过滤条件","Description":"过滤条件","ModelId":"string","ModelCode":null,"ModelName":"string","RefId":null,"RefCode":null,"RefName":null,"RefPath":null,"RefFileName":null,"ModelType":0,"In":"Query","IsRequired":false,"ListDeepth":0,"isCollection":false,"isRetVal":false,"isBasicType":true},{"Id":"c18959b7-ec42-4018-a93e-bc950da420d5&^^&ResponseInfo","Code":"responseInfo","Name":"响应信息","Description":"响应信息","ModelId":"c18959b7-ec42-4018-a93e-bc950da420d5&^^&ResponseInfo","ModelCode":"ResponseInfo","ModelName":"ResponseInfo","RefId":"c18959b7-ec42-4018-a93e-bc950da420d5&^^&ResponseInfo","RefCode":"ResponseInfo","RefName":"ResponseInfo","RefPath":null,"RefFileName":null,"ModelType":1,"In":"","IsRequired":true,"ListDeepth":0,"isCollection":false,"isRetVal":true,"isBasicType":false}],"ResourceOpId":"c18959b7-ec42-4018-a93e-bc950da420d5&^^&Extend_Query","Transaction":false,"AssemblyInfo":null,"Extend1":"Basic","Extend2":null,"isDeprecated":true},{"Id":"c18959b7-ec42-4018-a93e-bc950da420d5&^^&Extension_Filter","Code":"Extension_Filter","Name":"查询销售订单","Description":"按照查询条件查询销售订单，可指定查询过滤条件、排序字段、设置分页。也可通过变更集，在删除过程中修改其他数据，并返回删除过程中产生的其他变更。","HttpMethod":"POST","Template":"/extension/filter","Parameters":[{"Id":"c18959b7-ec42-4018-a93e-bc950da420d5&^^&RequestInfo","Code":"requestInfo","Name":"请求信息","Description":"请求信息","ModelId":"c18959b7-ec42-4018-a93e-bc950da420d5&^^&RequestInfo","ModelCode":"RequestInfo","ModelName":"RequestInfo","RefId":"c18959b7-ec42-4018-a93e-bc950da420d5&^^&RequestInfo","RefCode":"RequestInfo","RefName":"RequestInfo","RefPath":null,"RefFileName":null,"ModelType":1,"In":"Body","IsRequired":false,"ListDeepth":0,"isCollection":false,"isRetVal":false,"isBasicType":false},{"Id":"c18959b7-ec42-4018-a93e-bc950da420d5&^^&EntityFilter","Code":"entityFilter","Name":"过滤条件","Description":"过滤条件","ModelId":"c18959b7-ec42-4018-a93e-bc950da420d5&^^&EntityFilter","ModelCode":"EntityFilter","ModelName":"EntityFilter","RefId":"c18959b7-ec42-4018-a93e-bc950da420d5&^^&EntityFilter","RefCode":"EntityFilter","RefName":"EntityFilter","RefPath":null,"RefFileName":null,"ModelType":1,"In":"Body","IsRequired":false,"ListDeepth":0,"isCollection":false,"isRetVal":false,"isBasicType":false},{"Id":"c18959b7-ec42-4018-a93e-bc950da420d5&^^&ResponseInfo","Code":"responseInfo","Name":"响应信息","Description":"响应信息","ModelId":"c18959b7-ec42-4018-a93e-bc950da420d5&^^&ResponseInfo","ModelCode":"ResponseInfo","ModelName":"ResponseInfo","RefId":"c18959b7-ec42-4018-a93e-bc950da420d5&^^&ResponseInfo","RefCode":"ResponseInfo","RefName":"ResponseInfo","RefPath":null,"RefFileName":null,"ModelType":1,"In":"","IsRequired":true,"ListDeepth":0,"isCollection":false,"isRetVal":true,"isBasicType":false}],"ResourceOpId":"c18959b7-ec42-4018-a93e-bc950da420d5&^^&Extension_Filter","Transaction":false,"AssemblyInfo":null,"Extend1":"Basic","Extend2":null,"isDeprecated":false},{"Id":"c18959b7-ec42-4018-a93e-bc950da420d5&^^&Extend_ElementHelp","Code":"Extend_GetElementHelp","Name":"获取字段帮助数据","Description":"获取指定帮助字段的帮助数据，支持销售订单及其子表的所有帮助字段的帮助数据。也可通过变更集，在删除过程中修改其他数据，并返回删除过程中产生的其他变更。","HttpMethod":"PUT","Template":"/extension/elementhelps","Parameters":[{"Id":"c18959b7-ec42-4018-a93e-bc950da420d5&^^&RequestInfo","Code":"requestInfo","Name":"请求信息","Description":"请求信息","ModelId":"c18959b7-ec42-4018-a93e-bc950da420d5&^^&RequestInfo","ModelCode":"RequestInfo","ModelName":"RequestInfo","RefId":"c18959b7-ec42-4018-a93e-bc950da420d5&^^&RequestInfo","RefCode":"RequestInfo","RefName":"RequestInfo","RefPath":null,"RefFileName":null,"ModelType":1,"In":"Body","IsRequired":false,"ListDeepth":0,"isCollection":false,"isRetVal":false,"isBasicType":false},{"Id":"c18959b7-ec42-4018-a93e-bc950da420d5&^^&labelIdParam","Code":"labelId","Name":"标签Id","Description":"标签内码","ModelId":"string","ModelCode":null,"ModelName":"string","RefId":null,"RefCode":null,"RefName":null,"RefPath":null,"RefFileName":null,"ModelType":0,"In":"Body","IsRequired":true,"ListDeepth":0,"isCollection":false,"isRetVal":false,"isBasicType":true},{"Id":"c18959b7-ec42-4018-a93e-bc950da420d5&^^&nodeCodeParam","Code":"nodeCode","Name":"节点编号","Description":"节点编号","ModelId":"string","ModelCode":null,"ModelName":"string","RefId":null,"RefCode":null,"RefName":null,"RefPath":null,"RefFileName":null,"ModelType":0,"In":"Body","IsRequired":true,"ListDeepth":0,"isCollection":false,"isRetVal":false,"isBasicType":true},{"Id":"c18959b7-ec42-4018-a93e-bc950da420d5&^^&queryParam","Code":"queryParam","Name":"查询参数","Description":"查询参数","ModelId":"c18959b7-ec42-4018-a93e-bc950da420d5&^^&LookupQueryParam","ModelCode":"LookupQueryParam","ModelName":"LookupQueryParam","RefId":"c18959b7-ec42-4018-a93e-bc950da420d5&^^&LookupQueryParam","RefCode":"LookupQueryParam","RefName":"LookupQueryParam","RefPath":null,"RefFileName":null,"ModelType":1,"In":"Body","IsRequired":true,"ListDeepth":0,"isCollection":false,"isRetVal":false,"isBasicType":true},{"Id":"c18959b7-ec42-4018-a93e-bc950da420d5&^^&ResponseInfo","Code":"responseInfo","Name":"响应信息","Description":"响应信息","ModelId":"c18959b7-ec42-4018-a93e-bc950da420d5&^^&ResponseInfo","ModelCode":"ResponseInfo","ModelName":"ResponseInfo","RefId":"c18959b7-ec42-4018-a93e-bc950da420d5&^^&ResponseInfo","RefCode":"ResponseInfo","RefName":"ResponseInfo","RefPath":null,"RefFileName":null,"ModelType":1,"In":"","IsRequired":true,"ListDeepth":0,"isCollection":false,"isRetVal":true,"isBasicType":false}],"ResourceOpId":"c18959b7-ec42-4018-a93e-bc950da420d5&^^&Extend_ElementHelp","Transaction":false,"AssemblyInfo":null,"Extend1":"Basic","Extend2":null,"isDeprecated":false},{"Id":"c18959b7-ec42-4018-a93e-bc950da420d5&^^&Extend_DeleteChild##OrderItem","Code":"Extend_DeleteChild_OrderItem","Name":"删除订单明细","Description":"删除订单明细，该操作仅在当前业务上下文中删除，并不会持久化到数据库。后续需调用”保存“操作进行持久化。也可通过变更集，在删除过程中修改其他数据，并返回删除过程中产生的其他变更。","HttpMethod":"PUT","Template":"/extension/{rootId}/orderitem/{orderItemId}","Parameters":[{"Id":"c18959b7-ec42-4018-a93e-bc950da420d5&^^&RequestInfo","Code":"requestInfo","Name":"请求信息","Description":"请求信息","ModelId":"c18959b7-ec42-4018-a93e-bc950da420d5&^^&RequestInfo","ModelCode":"RequestInfo","ModelName":"RequestInfo","RefId":"c18959b7-ec42-4018-a93e-bc950da420d5&^^&RequestInfo","RefCode":"RequestInfo","RefName":"RequestInfo","RefPath":null,"RefFileName":null,"ModelType":1,"In":"Body","IsRequired":false,"ListDeepth":0,"isCollection":false,"isRetVal":false,"isBasicType":false},{"Id":"c18959b7-ec42-4018-a93e-bc950da420d5rootId","Code":"rootId","Name":"主表root数据ID","Description":"主表root数据的所属实体数据的唯一标识","ModelId":"string","ModelCode":null,"ModelName":"string","RefId":null,"RefCode":null,"RefName":null,"RefPath":null,"RefFileName":null,"ModelType":0,"In":"Path","IsRequired":true,"ListDeepth":0,"isCollection":false,"isRetVal":false,"isBasicType":true},{"Id":"c18959b7-ec42-4018-a93e-bc950da420d5orderItemId","Code":"orderItemId","Name":"从表orderItem数据ID","Description":"从表orderItem数据的所属实体数据的唯一标识","ModelId":"string","ModelCode":null,"ModelName":"string","RefId":null,"RefCode":null,"RefName":null,"RefPath":null,"RefFileName":null,"ModelType":0,"In":"Path","IsRequired":true,"ListDeepth":0,"isCollection":false,"isRetVal":false,"isBasicType":true},{"Id":"c18959b7-ec42-4018-a93e-bc950da420d5&^^&ResponseInfo","Code":"responseInfo","Name":"响应信息","Description":"响应信息","ModelId":"c18959b7-ec42-4018-a93e-bc950da420d5&^^&ResponseInfo","ModelCode":"ResponseInfo","ModelName":"ResponseInfo","RefId":"c18959b7-ec42-4018-a93e-bc950da420d5&^^&ResponseInfo","RefCode":"ResponseInfo","RefName":"ResponseInfo","RefPath":null,"RefFileName":null,"ModelType":1,"In":"","IsRequired":true,"ListDeepth":0,"isCollection":false,"isRetVal":true,"isBasicType":false}],"ResourceOpId":"c18959b7-ec42-4018-a93e-bc950da420d5&^^&Extend_DeleteChild##OrderItem","Transaction":false,"AssemblyInfo":null,"Extend1":"Basic","Extend2":"OrderItem","isDeprecated":false},{"Id":"c18959b7-ec42-4018-a93e-bc950da420d5&^^&Extend_DeleteChild##Plus","Code":"Extend_DeleteChild_Plus","Name":"删除附件","Description":"删除附件，该操作仅在当前业务上下文中删除，并不会持久化到数据库。后续需调用”保存“操作进行持久化。也可通过变更集，在删除过程中修改其他数据，并返回删除过程中产生的其他变更。","HttpMethod":"PUT","Template":"/extension/{rootId}/plus/{plusId}","Parameters":[{"Id":"c18959b7-ec42-4018-a93e-bc950da420d5&^^&RequestInfo","Code":"requestInfo","Name":"请求信息","Description":"请求信息","ModelId":"c18959b7-ec42-4018-a93e-bc950da420d5&^^&RequestInfo","ModelCode":"RequestInfo","ModelName":"RequestInfo","RefId":"c18959b7-ec42-4018-a93e-bc950da420d5&^^&RequestInfo","RefCode":"RequestInfo","RefName":"RequestInfo","RefPath":null,"RefFileName":null,"ModelType":1,"In":"Body","IsRequired":false,"ListDeepth":0,"isCollection":false,"isRetVal":false,"isBasicType":false},{"Id":"c18959b7-ec42-4018-a93e-bc950da420d5rootId","Code":"rootId","Name":"主表root数据ID","Description":"主表root数据的所属实体数据的唯一标识","ModelId":"string","ModelCode":null,"ModelName":"string","RefId":null,"RefCode":null,"RefName":null,"RefPath":null,"RefFileName":null,"ModelType":0,"In":"Path","IsRequired":true,"ListDeepth":0,"isCollection":false,"isRetVal":false,"isBasicType":true},{"Id":"c18959b7-ec42-4018-a93e-bc950da420d5plusId","Code":"plusId","Name":"从表plus数据ID","Description":"从表plus数据的所属实体数据的唯一标识","ModelId":"string","ModelCode":null,"ModelName":"string","RefId":null,"RefCode":null,"RefName":null,"RefPath":null,"RefFileName":null,"ModelType":0,"In":"Path","IsRequired":true,"ListDeepth":0,"isCollection":false,"isRetVal":false,"isBasicType":true},{"Id":"c18959b7-ec42-4018-a93e-bc950da420d5&^^&ResponseInfo","Code":"responseInfo","Name":"响应信息","Description":"响应信息","ModelId":"c18959b7-ec42-4018-a93e-bc950da420d5&^^&ResponseInfo","ModelCode":"ResponseInfo","ModelName":"ResponseInfo","RefId":"c18959b7-ec42-4018-a93e-bc950da420d5&^^&ResponseInfo","RefCode":"ResponseInfo","RefName":"ResponseInfo","RefPath":null,"RefFileName":null,"ModelType":1,"In":"","IsRequired":true,"ListDeepth":0,"isCollection":false,"isRetVal":true,"isBasicType":false}],"ResourceOpId":"c18959b7-ec42-4018-a93e-bc950da420d5&^^&Extend_DeleteChild##Plus","Transaction":false,"AssemblyInfo":null,"Extend1":"Basic","Extend2":"Plus","isDeprecated":false},{"Id":"c18959b7-ec42-4018-a93e-bc950da420d5&^^&Extend_BatchDeleteChild##OrderItem","Code":"Extend_BatchDeleteChild_OrderItem","Name":"批量删除订单明细","Description":"批量删除订单明细。","HttpMethod":"PUT","Template":"/extension/{rootId}/orderitem/batch","Parameters":[{"Id":"c18959b7-ec42-4018-a93e-bc950da420d5&^^&RequestInfo","Code":"requestInfo","Name":"请求信息","Description":"请求信息","ModelId":"c18959b7-ec42-4018-a93e-bc950da420d5&^^&RequestInfo","ModelCode":"RequestInfo","ModelName":"RequestInfo","RefId":"c18959b7-ec42-4018-a93e-bc950da420d5&^^&RequestInfo","RefCode":"RequestInfo","RefName":"RequestInfo","RefPath":null,"RefFileName":null,"ModelType":1,"In":"Body","IsRequired":false,"ListDeepth":0,"isCollection":false,"isRetVal":false,"isBasicType":false},{"Id":"c18959b7-ec42-4018-a93e-bc950da420d5rootId","Code":"rootId","Name":"主表root数据ID","Description":"主表root数据的所属实体数据的唯一标识","ModelId":"string","ModelCode":null,"ModelName":"string","RefId":null,"RefCode":null,"RefName":null,"RefPath":null,"RefFileName":null,"ModelType":0,"In":"Path","IsRequired":true,"ListDeepth":0,"isCollection":false,"isRetVal":false,"isBasicType":true},{"Id":"c18959b7-ec42-4018-a93e-bc950da420d5&^^&Ids","Code":"ids","Name":"内码集合","Description":"批量删除的内码集合","ModelId":"string","ModelCode":null,"ModelName":"string","RefId":null,"RefCode":null,"RefName":null,"RefPath":null,"RefFileName":null,"ModelType":0,"In":"Body","IsRequired":true,"ListDeepth":1,"isCollection":true,"isRetVal":false,"isBasicType":true},{"Id":"c18959b7-ec42-4018-a93e-bc950da420d5&^^&ResponseInfo","Code":"responseInfo","Name":"响应信息","Description":"响应信息","ModelId":"c18959b7-ec42-4018-a93e-bc950da420d5&^^&ResponseInfo","ModelCode":"ResponseInfo","ModelName":"ResponseInfo","RefId":"c18959b7-ec42-4018-a93e-bc950da420d5&^^&ResponseInfo","RefCode":"ResponseInfo","RefName":"ResponseInfo","RefPath":null,"RefFileName":null,"ModelType":1,"In":"","IsRequired":true,"ListDeepth":0,"isCollection":false,"isRetVal":true,"isBasicType":false}],"ResourceOpId":"c18959b7-ec42-4018-a93e-bc950da420d5&^^&Extend_BatchDeleteChild##OrderItem","Transaction":false,"AssemblyInfo":null,"Extend1":"Basic","Extend2":"OrderItem","isDeprecated":false},{"Id":"c18959b7-ec42-4018-a93e-bc950da420d5&^^&Extend_BatchDeleteChild##Plus","Code":"Extend_BatchDeleteChild_Plus","Name":"批量删除附件","Description":"批量删除附件。","HttpMethod":"PUT","Template":"/extension/{rootId}/plus/batch","Parameters":[{"Id":"c18959b7-ec42-4018-a93e-bc950da420d5&^^&RequestInfo","Code":"requestInfo","Name":"请求信息","Description":"请求信息","ModelId":"c18959b7-ec42-4018-a93e-bc950da420d5&^^&RequestInfo","ModelCode":"RequestInfo","ModelName":"RequestInfo","RefId":"c18959b7-ec42-4018-a93e-bc950da420d5&^^&RequestInfo","RefCode":"RequestInfo","RefName":"RequestInfo","RefPath":null,"RefFileName":null,"ModelType":1,"In":"Body","IsRequired":false,"ListDeepth":0,"isCollection":false,"isRetVal":false,"isBasicType":false},{"Id":"c18959b7-ec42-4018-a93e-bc950da420d5rootId","Code":"rootId","Name":"主表root数据ID","Description":"主表root数据的所属实体数据的唯一标识","ModelId":"string","ModelCode":null,"ModelName":"string","RefId":null,"RefCode":null,"RefName":null,"RefPath":null,"RefFileName":null,"ModelType":0,"In":"Path","IsRequired":true,"ListDeepth":0,"isCollection":false,"isRetVal":false,"isBasicType":true},{"Id":"c18959b7-ec42-4018-a93e-bc950da420d5&^^&Ids","Code":"ids","Name":"内码集合","Description":"批量删除的内码集合","ModelId":"string","ModelCode":null,"ModelName":"string","RefId":null,"RefCode":null,"RefName":null,"RefPath":null,"RefFileName":null,"ModelType":0,"In":"Body","IsRequired":true,"ListDeepth":1,"isCollection":true,"isRetVal":false,"isBasicType":true},{"Id":"c18959b7-ec42-4018-a93e-bc950da420d5&^^&ResponseInfo","Code":"responseInfo","Name":"响应信息","Description":"响应信息","ModelId":"c18959b7-ec42-4018-a93e-bc950da420d5&^^&ResponseInfo","ModelCode":"ResponseInfo","ModelName":"ResponseInfo","RefId":"c18959b7-ec42-4018-a93e-bc950da420d5&^^&ResponseInfo","RefCode":"ResponseInfo","RefName":"ResponseInfo","RefPath":null,"RefFileName":null,"ModelType":1,"In":"","IsRequired":true,"ListDeepth":0,"isCollection":false,"isRetVal":true,"isBasicType":false}],"ResourceOpId":"c18959b7-ec42-4018-a93e-bc950da420d5&^^&Extend_BatchDeleteChild##Plus","Transaction":false,"AssemblyInfo":null,"Extend1":"Basic","Extend2":"Plus","isDeprecated":false}],"Extension":null},"Models":[{"Id":"c18959b7-ec42-4018-a93e-bc950da420d5&^^&RequestInfo","Code":"RequestInfo","Name":"RequestInfo","ModelId":"c18959b7-ec42-4018-a93e-bc950da420d5&^^&RequestInfo","ModelCode":"RequestInfo","ModelName":"RequestInfo","RelativePath":null,"FileName":null,"ModelType":1},{"Id":"c18959b7-ec42-4018-a93e-bc950da420d5&^^&DefaultValue","Code":"DefaultValue","Name":"DefaultValue","ModelId":"c18959b7-ec42-4018-a93e-bc950da420d5&^^&DefaultValue","ModelCode":"DefaultValue","ModelName":"DefaultValue","RelativePath":null,"FileName":null,"ModelType":1},{"Id":"c18959b7-ec42-4018-a93e-bc950da420d5&^^&ResponseInfo","Code":"ResponseInfo","Name":"ResponseInfo","ModelId":"c18959b7-ec42-4018-a93e-bc950da420d5&^^&ResponseInfo","ModelCode":"ResponseInfo","ModelName":"ResponseInfo","RelativePath":null,"FileName":null,"ModelType":1},{"Id":"c18959b7-ec42-4018-a93e-bc950da420d5&^^&RetrieveDefaultParam","Code":"RetrieveDefaultParam","Name":"RetrieveDefaultParam","ModelId":"c18959b7-ec42-4018-a93e-bc950da420d5&^^&RetrieveDefaultParam","ModelCode":"RetrieveDefaultParam","ModelName":"RetrieveDefaultParam","RelativePath":null,"FileName":null,"ModelType":1},{"Id":"c18959b7-ec42-4018-a93e-bc950da420d5&^^&ChangeDetail","Code":"ChangeDetail","Name":"ChangeDetail","ModelId":"c18959b7-ec42-4018-a93e-bc950da420d5&^^&ChangeDetail","ModelCode":"ChangeDetail","ModelName":"ChangeDetail","RelativePath":null,"FileName":null,"ModelType":1},{"Id":"010e1957-d00a-410a-9f2c-ab6aa677d504","Code":"SO","Name":"销售订单","ModelId":"c18959b7-ec42-4018-a93e-bc950da420d5","ModelCode":"SaleOrderList_frm","ModelName":"销售订单列表_frm","RelativePath":null,"FileName":null,"ModelType":0},{"Id":"c18959b7-ec42-4018-a93e-bc950da420d5&^^&RetrieveParam","Code":"RetrieveParam","Name":"RetrieveParam","ModelId":"c18959b7-ec42-4018-a93e-bc950da420d5&^^&RetrieveParam","ModelCode":"RetrieveParam","ModelName":"RetrieveParam","RelativePath":null,"FileName":null,"ModelType":1},{"Id":"c18959b7-ec42-4018-a93e-bc950da420d5&^^&Pagination","Code":"Pagination","Name":"Pagination","ModelId":"c18959b7-ec42-4018-a93e-bc950da420d5&^^&Pagination","ModelCode":"Pagination","ModelName":"Pagination","RelativePath":null,"FileName":null,"ModelType":1},{"Id":"c18959b7-ec42-4018-a93e-bc950da420d5&^^&LookupResult","Code":"LookupResult","Name":"LookupResult","ModelId":"c18959b7-ec42-4018-a93e-bc950da420d5&^^&LookupResult","ModelCode":"LookupResult","ModelName":"LookupResult","RelativePath":null,"FileName":null,"ModelType":1},{"Id":"RetrieveDefaultParam","Code":"RetrieveDefaultParam","Name":"RetrieveDefaultParam","ModelId":"c18959b7-ec42-4018-a93e-bc950da420d5&^^&RetrieveDefaultParam","ModelCode":"RetrieveDefaultParam","ModelName":"RetrieveDefaultParam","RelativePath":null,"FileName":null,"ModelType":1},{"Id":"c18959b7-ec42-4018-a93e-bc950da420d5&^^&EntityFilter","Code":"EntityFilter","Name":"EntityFilter","ModelId":"c18959b7-ec42-4018-a93e-bc950da420d5&^^&EntityFilter","ModelCode":"EntityFilter","ModelName":"EntityFilter","RelativePath":null,"FileName":null,"ModelType":1}],"Router":"/api/scm/om/v1.0/saleorderlist_frm","EndPoint":"/scm/om/v1.0/saleorderlist_frm"}]