{"root-component":{"name":""},"root-layout":{"name":""},"query-scheme-section":{"name":""},"Section/query-scheme-section/mainTitle":{"name":"主标题"},"Section/query-scheme-section/subTitle":{"name":""},"query-scheme-1":{"name":"默认筛选方案"},"QueryScheme/query-scheme-1/filterText":{"name":"筛选"},"QueryScheme/query-scheme-1/bc6ca04c-1a9c-4ed9-bbd4-996abba917a7":{"name":"主键"},"QueryScheme/query-scheme-1/bc6ca04c-1a9c-4ed9-bbd4-996abba917a7/placeHolder":{"name":""},"QueryScheme/query-scheme-1/d4c87cf1-22be-4e18-a0d4-ff249ef5a453":{"name":"版本"},"QueryScheme/query-scheme-1/d4c87cf1-22be-4e18-a0d4-ff249ef5a453/placeHolder":{"name":""},"QueryScheme/query-scheme-1/50e3aa53-0101-468f-ae3f-40c76c0f06b0":{"name":"状态"},"QueryScheme/query-scheme-1/50e3aa53-0101-468f-ae3f-40c76c0f06b0/placeHolder":{"name":""},"QueryScheme/query-scheme-1/50e3aa53-0101-468f-ae3f-40c76c0f06b0/control/enumValues/Billing":{"name":"制单"},"QueryScheme/query-scheme-1/50e3aa53-0101-468f-ae3f-40c76c0f06b0/control/enumValues/SubmitApproval":{"name":"提交审批"},"QueryScheme/query-scheme-1/50e3aa53-0101-468f-ae3f-40c76c0f06b0/control/enumValues/Approved":{"name":"审批通过"},"QueryScheme/query-scheme-1/50e3aa53-0101-468f-ae3f-40c76c0f06b0/control/enumValues/ApprovalNotPassed":{"name":"审批不通过"},"QueryScheme/query-scheme-1/8f847609-ad8f-4da3-a430-c8a7f2162135":{"name":"流程实例"},"QueryScheme/query-scheme-1/8f847609-ad8f-4da3-a430-c8a7f2162135/placeHolder":{"name":""},"QueryScheme/query-scheme-1/86945490-de67-44d5-922e-2af156aa1843":{"name":"订单编号"},"QueryScheme/query-scheme-1/86945490-de67-44d5-922e-2af156aa1843/placeHolder":{"name":""},"QueryScheme/query-scheme-1/17e72c5d-2086-4ccb-8d3f-045b109e64a8":{"name":"商户"},"QueryScheme/query-scheme-1/17e72c5d-2086-4ccb-8d3f-045b109e64a8/placeHolder":{"name":""},"QueryScheme/query-scheme-1/ca2fb712-9f37-4cd3-803a-fa2fcb1b2abc":{"name":"商户"},"QueryScheme/query-scheme-1/ca2fb712-9f37-4cd3-803a-fa2fcb1b2abc/placeHolder":{"name":""},"QueryScheme/query-scheme-1/ca2fb712-9f37-4cd3-803a-fa2fcb1b2abc/control/help/dialogTitle":{"name":""},"QueryScheme/query-scheme-1/d9062349-66f1-4b4d-94ae-3a3450fde511":{"name":"下单时间"},"QueryScheme/query-scheme-1/d9062349-66f1-4b4d-94ae-3a3450fde511/placeHolder":{"name":""},"QueryScheme/query-scheme-1/0fc73a46-3f15-4438-b023-8564e094ae3f":{"name":"支付方式"},"QueryScheme/query-scheme-1/0fc73a46-3f15-4438-b023-8564e094ae3f/placeHolder":{"name":""},"QueryScheme/query-scheme-1/0fc73a46-3f15-4438-b023-8564e094ae3f/control/enumValues/Cash":{"name":"现金"},"QueryScheme/query-scheme-1/0fc73a46-3f15-4438-b023-8564e094ae3f/control/enumValues/Upay":{"name":"银联"},"QueryScheme/query-scheme-1/0fc73a46-3f15-4438-b023-8564e094ae3f/control/enumValues/WeChat":{"name":"微信"},"QueryScheme/query-scheme-1/0fc73a46-3f15-4438-b023-8564e094ae3f/control/enumValues/AliPay":{"name":"支付宝"},"QueryScheme/query-scheme-1/a313bbbc-7e47-4ea0-ae9d-0d4c443e17f6":{"name":"订单类型"},"QueryScheme/query-scheme-1/a313bbbc-7e47-4ea0-ae9d-0d4c443e17f6/placeHolder":{"name":""},"QueryScheme/query-scheme-1/5ffb5340-afa6-4871-a96d-4685e3a1f0c8":{"name":"下单人"},"QueryScheme/query-scheme-1/5ffb5340-afa6-4871-a96d-4685e3a1f0c8/placeHolder":{"name":""},"QueryScheme/query-scheme-1/46cb53b8-60e6-4264-8de1-e8a5731c673f":{"name":"名称"},"QueryScheme/query-scheme-1/46cb53b8-60e6-4264-8de1-e8a5731c673f/placeHolder":{"name":""},"QueryScheme/query-scheme-1/fe4d6422-eefc-4a5a-b6a1-dc0618d82f68":{"name":"联系电话"},"QueryScheme/query-scheme-1/fe4d6422-eefc-4a5a-b6a1-dc0618d82f68/placeHolder":{"name":""},"QueryScheme/query-scheme-1/cd5e1d95-8e87-41fd-b951-a4a0bbf039d3":{"name":"订单状态"},"QueryScheme/query-scheme-1/cd5e1d95-8e87-41fd-b951-a4a0bbf039d3/placeHolder":{"name":""},"QueryScheme/query-scheme-1/cd5e1d95-8e87-41fd-b951-a4a0bbf039d3/control/enumValues/Unshipped":{"name":"未发货"},"QueryScheme/query-scheme-1/cd5e1d95-8e87-41fd-b951-a4a0bbf039d3/control/enumValues/Shipped":{"name":"已发货"},"QueryScheme/query-scheme-1/729382b8-1f97-4133-971a-443c00dcfa80":{"name":"备注"},"QueryScheme/query-scheme-1/729382b8-1f97-4133-971a-443c00dcfa80/placeHolder":{"name":""},"QueryScheme/query-scheme-1/c123bb96-1c33-4d29-bb6a-faf065df8e3a":{"name":"订单金额"},"QueryScheme/query-scheme-1/c123bb96-1c33-4d29-bb6a-faf065df8e3a/placeHolder":{"name":""},"page-header":{"name":""},"header-nav":{"name":""},"header-title-container":{"name":""},"page-header-title":{"name":""},"title":{"name":"销售订单列表"},"page-header-toolbar":{"name":""},"button-add":{"name":"新增"},"button-edit":{"name":"编辑"},"button-view":{"name":"查看"},"button-delete":{"name":"删除"},"button-approve":{"name":"提交审批"},"button-cancel-approve":{"name":"取消提交审批"},"page-main":{"name":""},"data-grid-component-ref":{"name":""},"data-grid-component":{"name":""},"data-grid-section":{"name":""},"Section/data-grid-section/mainTitle":{"name":""},"Section/data-grid-section/subTitle":{"name":""},"dataGrid":{"name":""},"DataGrid/dataGrid/lineNumberTitle":{"name":""},"DataGrid/dataGrid/OperateEditButton":{"name":"编辑"},"DataGrid/dataGrid/OperateDeleteButton":{"name":"删除"},"DataGrid/dataGrid/OperateColumn":{"name":"操作"},"billStatus_BillState_50e3aa53_3sea":{"name":"状态"},"GridField/billStatus_BillState_50e3aa53_3sea/enumData/Billing":{"name":"制单"},"GridField/billStatus_BillState_50e3aa53_3sea/enumData/SubmitApproval":{"name":"提交审批"},"GridField/billStatus_BillState_50e3aa53_3sea/enumData/Approved":{"name":"审批通过"},"GridField/billStatus_BillState_50e3aa53_3sea/enumData/ApprovalNotPassed":{"name":"审批不通过"},"orderCode_86945490_15in":{"name":"订单编号"},"merchant_Merchant_name_ca2fb712_oe0t":{"name":"商户"},"orderPerson_OrderPerson_name_46cb53b8_bfb4":{"name":"下单人"},"orderTime_d9062349_lu54":{"name":"下单时间"},"payMethod_0fc73a46_ogsf":{"name":"支付方式"},"GridField/payMethod_0fc73a46_ogsf/enumData/Cash":{"name":"现金"},"GridField/payMethod_0fc73a46_ogsf/enumData/Upay":{"name":"银联"},"GridField/payMethod_0fc73a46_ogsf/enumData/WeChat":{"name":"微信"},"GridField/payMethod_0fc73a46_ogsf/enumData/AliPay":{"name":"支付宝"},"orderState_cd5e1d95_x4qs":{"name":"订单状态"},"GridField/orderState_cd5e1d95_x4qs/enumData/Unshipped":{"name":"未发货"},"GridField/orderState_cd5e1d95_x4qs/enumData/Shipped":{"name":"已发货"},"totalPrice_c123bb96_yin6":{"name":"订单金额"}}