{"root-component":{"name":""},"root-layout":{"name":""},"page-header":{"name":""},"header-nav":{"name":""},"header-title-container":{"name":""},"page-header-title":{"name":""},"title":{"name":"销售订单制单"},"page-header-toolbar":{"name":""},"button-add":{"name":"新增"},"button-edit":{"name":"编辑"},"button-save":{"name":"保存"},"button-cancel":{"name":"取消"},"button-approve":{"name":"提交审批"},"button-cancel-approve":{"name":"取消提交审批"},"main-container":{"name":""},"like-card-container":{"name":""},"basic-form-component-ref":{"name":""},"detail-container":{"name":""},"detail-section":{"name":""},"Section/detail-section/mainTitle":{"name":""},"Section/detail-section/subTitle":{"name":""},"detail-tab":{"name":""},"orderitem-tab-page":{"name":"订单明细"},"orderitem-component-ref":{"name":""},"orderitem-tab-toolbar":{"name":""},"orderitemAddButton":{"name":"新增"},"orderitemRemoveButton":{"name":"删除"},"plus-tab-page":{"name":"附件"},"plus-component-ref":{"name":""},"plus-tab-toolbar":{"name":""},"plusAddButton":{"name":"新增"},"plusRemoveButton":{"name":"删除"},"basic-form-component":{"name":""},"basic-form-section":{"name":""},"Section/basic-form-section/mainTitle":{"name":"基本信息"},"Section/basic-form-section/subTitle":{"name":""},"basic-form-layout":{"name":""},"59966a88-35a3-4229-8482-f42d595000a7":{"name":"基本信息"},"FieldSet/59966a88-35a3-4229-8482-f42d595000a7/collapseText":{"name":""},"FieldSet/59966a88-35a3-4229-8482-f42d595000a7/expandText":{"name":""},"orderCode_f2d9e158_kgvz":{"name":"订单编号"},"TextBox/orderCode_f2d9e158_kgvz/placeHolder":{"name":""},"merchant_Merchant_name_dc52b957_0e1v":{"name":"商户"},"LookupEdit/merchant_Merchant_name_dc52b957_0e1v/placeHolder":{"name":""},"LookupEdit/merchant_Merchant_name_dc52b957_0e1v/dialogTitle":{"name":""},"orderTime_898df2fe_xjlg":{"name":"下单时间"},"TextBox/orderTime_898df2fe_xjlg/placeHolder":{"name":""},"orderPerson_OrderPerson_name_2d1d302a_0aak":{"name":"下单人"},"LookupEdit/orderPerson_OrderPerson_name_2d1d302a_0aak/placeHolder":{"name":""},"LookupEdit/orderPerson_OrderPerson_name_2d1d302a_0aak/dialogTitle":{"name":""},"billStatus_BillState_df94470c_t04q":{"name":"单据状态"},"EnumField/billStatus_BillState_df94470c_t04q/placeHolder":{"name":""},"EnumField/billStatus_BillState_df94470c_t04q/enumData/Billing":{"name":"制单"},"EnumField/billStatus_BillState_df94470c_t04q/enumData/SubmitApproval":{"name":"提交审批"},"EnumField/billStatus_BillState_df94470c_t04q/enumData/Approved":{"name":"审批通过"},"EnumField/billStatus_BillState_df94470c_t04q/enumData/ApprovalNotPassed":{"name":"审批不通过"},"telephone_a1f41ba4_yxps":{"name":"联系电话"},"TextBox/telephone_a1f41ba4_yxps/placeHolder":{"name":""},"orderState_8665667d_dfjn":{"name":"订单状态"},"EnumField/orderState_8665667d_dfjn/placeHolder":{"name":""},"EnumField/orderState_8665667d_dfjn/enumData/Unshipped":{"name":"未发货"},"EnumField/orderState_8665667d_dfjn/enumData/Shipped":{"name":"已发货"},"remark_e5d2dfa9_cljr":{"name":"备注"},"TextBox/remark_e5d2dfa9_cljr/placeHolder":{"name":""},"999b88aa-05f2-4baa-8aca-b44df208eb5c":{"name":"支付信息"},"FieldSet/999b88aa-05f2-4baa-8aca-b44df208eb5c/collapseText":{"name":""},"FieldSet/999b88aa-05f2-4baa-8aca-b44df208eb5c/expandText":{"name":""},"payMethod_5e15710a_1pao":{"name":"支付方式"},"EnumField/payMethod_5e15710a_1pao/placeHolder":{"name":""},"EnumField/payMethod_5e15710a_1pao/enumData/Cash":{"name":"现金"},"EnumField/payMethod_5e15710a_1pao/enumData/Upay":{"name":"银联"},"EnumField/payMethod_5e15710a_1pao/enumData/WeChat":{"name":"微信"},"EnumField/payMethod_5e15710a_1pao/enumData/AliPay":{"name":"支付宝"},"orderType_86c9e32c_ivwq":{"name":"订单类型"},"TextBox/orderType_86c9e32c_ivwq/placeHolder":{"name":""},"totalPrice_a6bb5a5f_5ugx":{"name":"订单金额"},"NumberSpinner/totalPrice_a6bb5a5f_5ugx/placeHolder":{"name":""},"orderitem-component":{"name":""},"orderitem-component-layout":{"name":""},"dataGrid_orderitem":{"name":""},"DataGrid/dataGrid_orderitem/lineNumberTitle":{"name":""},"DataGrid/dataGrid_orderitem/OperateEditButton":{"name":"编辑"},"DataGrid/dataGrid_orderitem/OperateDeleteButton":{"name":"删除"},"DataGrid/dataGrid_orderitem/OperateColumn":{"name":"操作"},"goods_Goods_GoodsName_cd37eccb_m6h9":{"name":"商品名称"},"GridField/goods_Goods_GoodsName_cd37eccb_m6h9/editor/goods_Goods_GoodsName_cd37eccb_bgad":{"name":"商品名称"},"GridField/goods_Goods_GoodsName_cd37eccb_m6h9/editor/LookupEdit/goods_Goods_GoodsName_cd37eccb_bgad/placeHolder":{"name":""},"GridField/goods_Goods_GoodsName_cd37eccb_m6h9/editor/LookupEdit/goods_Goods_GoodsName_cd37eccb_bgad/dialogTitle":{"name":""},"goods_Goods_Specification_a9d828f8_of7o":{"name":"规格型号"},"GridField/goods_Goods_Specification_a9d828f8_of7o/editor/goods_Goods_Specification_a9d828f8_jn7y":{"name":"规格型号"},"GridField/goods_Goods_Specification_a9d828f8_of7o/editor/TextBox/goods_Goods_Specification_a9d828f8_jn7y/placeHolder":{"name":""},"quality_aad2548f_ijrt":{"name":"数量"},"GridField/quality_aad2548f_ijrt/editor/quality_aad2548f_g2gf":{"name":"数量"},"GridField/quality_aad2548f_ijrt/editor/NumberSpinner/quality_aad2548f_g2gf/placeHolder":{"name":""},"price_1a57e03c_wmqb":{"name":"标准单价"},"GridField/price_1a57e03c_wmqb/editor/price_1a57e03c_47bs":{"name":"标准单价"},"GridField/price_1a57e03c_wmqb/editor/NumberSpinner/price_1a57e03c_47bs/placeHolder":{"name":""},"actualPrice_ffcf39b2_qt08":{"name":"实际单价"},"GridField/actualPrice_ffcf39b2_qt08/editor/actualPrice_ffcf39b2_oiwl":{"name":"实际单价"},"GridField/actualPrice_ffcf39b2_qt08/editor/NumberSpinner/actualPrice_ffcf39b2_oiwl/placeHolder":{"name":""},"discountType_c9be5f52_qw4r":{"name":"折扣类型"},"GridField/discountType_c9be5f52_qw4r/enumData/Dis":{"name":"折扣"},"GridField/discountType_c9be5f52_qw4r/enumData/NoDIs":{"name":"无折扣"},"discount_92ee9f2f_or2b":{"name":"折扣"},"GridField/discount_92ee9f2f_or2b/editor/discount_92ee9f2f_dkwy":{"name":"折扣"},"GridField/discount_92ee9f2f_or2b/editor/TextBox/discount_92ee9f2f_dkwy/placeHolder":{"name":""},"amount_9b7b1a84_vfjl":{"name":"结算金额"},"GridField/amount_9b7b1a84_vfjl/editor/amount_9b7b1a84_luhv":{"name":"结算金额"},"GridField/amount_9b7b1a84_vfjl/editor/NumberSpinner/amount_9b7b1a84_luhv/placeHolder":{"name":""},"plus-component":{"name":""},"plus-component-layout":{"name":""},"dataGrid_plus":{"name":""},"DataGrid/dataGrid_plus/lineNumberTitle":{"name":""},"DataGrid/dataGrid_plus/OperateEditButton":{"name":"编辑"},"DataGrid/dataGrid_plus/OperateDeleteButton":{"name":"删除"},"DataGrid/dataGrid_plus/OperateColumn":{"name":"操作"},"fileInfo_FileInfo_Attachment_beda48ec_0lx6":{"name":"附件Id"},"GridField/fileInfo_FileInfo_Attachment_beda48ec_0lx6/editor/fileInfo_FileInfo_Attachment_beda48ec_esnw":{"name":"附件Id"},"GridField/fileInfo_FileInfo_Attachment_beda48ec_0lx6/editor/TextBox/fileInfo_FileInfo_Attachment_beda48ec_esnw/placeHolder":{"name":""},"fileInfo_FileInfo_FileName_fb0c4b5e_h66o":{"name":"附件名称"},"GridField/fileInfo_FileInfo_FileName_fb0c4b5e_h66o/editor/fileInfo_FileInfo_FileName_fb0c4b5e_zlxk":{"name":"附件名称"},"GridField/fileInfo_FileInfo_FileName_fb0c4b5e_h66o/editor/TextBox/fileInfo_FileInfo_FileName_fb0c4b5e_zlxk/placeHolder":{"name":""},"fileInfo_FileInfo_FileSize_bed6f51d_v9nr":{"name":"附件大小"},"GridField/fileInfo_FileInfo_FileSize_bed6f51d_v9nr/editor/fileInfo_FileInfo_FileSize_bed6f51d_bamd":{"name":"附件大小"},"GridField/fileInfo_FileInfo_FileSize_bed6f51d_v9nr/editor/NumberSpinner/fileInfo_FileInfo_FileSize_bed6f51d_bamd/placeHolder":{"name":""},"fileInfo_FileInfo_FileCreate_3e128aef_kbsh":{"name":"附件上传时间"},"GridField/fileInfo_FileInfo_FileCreate_3e128aef_kbsh/editor/fileInfo_FileInfo_FileCreate_3e128aef_717z":{"name":"附件上传时间"},"GridField/fileInfo_FileInfo_FileCreate_3e128aef_kbsh/editor/DateBox/fileInfo_FileInfo_FileCreate_3e128aef_717z/placeHolder":{"name":""}}