{"module":{"id":"SaleOrderList","code":"SaleOrderList","name":"销售订单列表","caption":"销售订单列表","type":"Module","creator":"rdl","creationDate":"2024-11-24T13:24:41.657Z","updateVersion":"191104","showTitle":true,"bootstrap":"list-template","templateId":"list-template","schemas":[{"eapiId":"d814c027-7492-4740-97f6-d0b5ac85ff47","eapiCode":"SaleOrderList_frm","eapiName":"销售订单列表_frm","eapiNameSpace":"Inspur.GS.SCM.OM.SO.SO.Front","voPath":"SCM/OM/SO/bo-so-front/metadata/components","voNameSpace":"Inspur.GS.SCM.OM.SO.SO.Front","entities":[{"code":"SO","label":"sos","type":{"$type":"EntityType","entities":[{"code":"OrderItem","label":"orderItems","type":{"$type":"EntityType","entities":[],"primary":"id","fields":[{"$type":"SimpleField","require":true,"multiLanguage":false,"readonly":false,"editor":{"$type":"TextBox"},"defaultValue":"","bindingField":"id","bindingPath":"id","code":"ID","originalId":"c20e1520-cd90-48e8-b8b9-12c494eebfcf","label":"id","type":{"$type":"StringType","displayName":"字符串","length":36,"name":"String"},"id":"c20e1520-cd90-48e8-b8b9-12c494eebfcf","path":"ID","name":"主键"},{"$type":"SimpleField","require":true,"multiLanguage":false,"readonly":false,"editor":{"$type":"TextBox"},"defaultValue":"","bindingField":"parentID","bindingPath":"parentID","code":"ParentID","originalId":"65bb6142-4e9e-4519-930d-a38970ba4b1d","label":"parentID","type":{"$type":"StringType","displayName":"字符串","length":36,"name":"String"},"id":"65bb6142-4e9e-4519-930d-a38970ba4b1d","path":"ParentID","name":"上级对象主键"},{"$type":"ComplexField","bindingField":"goods","bindingPath":"goods","code":"Goods","originalId":"89efdda4-99b6-4723-8daa-d16aa1057959","label":"goods","type":{"$type":"EntityType","entities":[],"primary":"goods","fields":[{"$type":"SimpleField","require":false,"multiLanguage":false,"readonly":false,"editor":{"$type":"TextBox"},"defaultValue":"","bindingField":"goods","bindingPath":"goods.goods","code":"Goods","originalId":"4842c1f6-9ee5-4cd3-83a4-3c3cac1e407d","label":"goods","type":{"$type":"StringType","displayName":"字符串","length":36,"name":"String"},"id":"4842c1f6-9ee5-4cd3-83a4-3c3cac1e407d","path":"Goods.Goods","name":"商品"},{"$type":"SimpleField","require":false,"multiLanguage":false,"readonly":false,"editor":{"$type":"TextBox"},"defaultValue":"","bindingField":"goods_Goods_GoodsName","bindingPath":"goods.goods_GoodsName","code":"GoodsName","originalId":"9cc61c14-276a-491d-911d-0405e2ab2f75","label":"goods_GoodsName","type":{"$type":"StringType","displayName":"字符串","length":36,"name":"String"},"id":"9cc61c14-276a-491d-911d-0405e2ab2f75","path":"Goods.Goods_GoodsName","name":"商品名称"},{"$type":"SimpleField","require":false,"multiLanguage":false,"readonly":false,"editor":{"$type":"TextBox"},"defaultValue":"","bindingField":"goods_Goods_Specification","bindingPath":"goods.goods_Specification","code":"Specification","originalId":"83b3562a-258f-49f6-aedf-5302c03e6f26","label":"goods_Specification","type":{"$type":"StringType","displayName":"字符串","length":36,"name":"String"},"id":"83b3562a-258f-49f6-aedf-5302c03e6f26","path":"Goods.Goods_Specification","name":"规格型号"},{"$type":"SimpleField","require":false,"multiLanguage":false,"readonly":false,"editor":{"$type":"NumericBox"},"defaultValue":"","bindingField":"goods_Goods_Price","bindingPath":"goods.goods_Price","code":"Price","originalId":"e8556c51-1968-44c8-8572-d90fae18ca23","label":"goods_Price","type":{"$type":"NumericType","precision":2,"displayName":"数字","length":10,"name":"Number"},"id":"e8556c51-1968-44c8-8572-d90fae18ca23","path":"Goods.Goods_Price","name":"单价"},{"$type":"SimpleField","require":false,"multiLanguage":false,"readonly":false,"editor":{"$type":"TextBox"},"defaultValue":"","bindingField":"goods_Goods_GoodsCode","bindingPath":"goods.goods_GoodsCode","code":"GoodsCode","originalId":"013ba9c0-176d-4630-86a5-e0c62a76a171","label":"goods_GoodsCode","type":{"$type":"StringType","displayName":"字符串","length":36,"name":"String"},"id":"013ba9c0-176d-4630-86a5-e0c62a76a171","path":"Goods.Goods_GoodsCode","name":"商品编号"}],"displayName":"商品","name":"Goods4842"},"id":"89efdda4-99b6-4723-8daa-d16aa1057959","path":"Goods","name":"商品"},{"$type":"SimpleField","require":false,"multiLanguage":false,"readonly":false,"editor":{"$type":"TextBox"},"defaultValue":"","bindingField":"specification","bindingPath":"specification","code":"Specification","originalId":"a8bdb810-0c6f-4ed6-beaf-9f7c83324816","label":"specification","type":{"$type":"StringType","displayName":"字符串","length":36,"name":"String"},"id":"a8bdb810-0c6f-4ed6-beaf-9f7c83324816","path":"Specification","name":"规格型号"},{"$type":"SimpleField","require":false,"multiLanguage":false,"readonly":false,"editor":{"$type":"NumericBox"},"defaultValue":"","bindingField":"quality","bindingPath":"quality","code":"Quality","originalId":"12f7f1f1-6bf9-4537-a72b-dedf54f72cc0","label":"quality","type":{"$type":"NumericType","precision":0,"displayName":"数字","length":0,"name":"Number"},"id":"12f7f1f1-6bf9-4537-a72b-dedf54f72cc0","path":"Quality","name":"数量"},{"$type":"SimpleField","require":false,"multiLanguage":false,"readonly":false,"editor":{"$type":"NumericBox"},"defaultValue":"","bindingField":"price","bindingPath":"price","code":"Price","originalId":"5ca18d0c-71d5-487d-8562-3b9033b7b05e","label":"price","type":{"$type":"NumericType","precision":2,"displayName":"数字","length":10,"name":"Number"},"id":"5ca18d0c-71d5-487d-8562-3b9033b7b05e","path":"Price","name":"标准单价"},{"$type":"SimpleField","require":false,"multiLanguage":false,"readonly":false,"editor":{"$type":"NumericBox"},"defaultValue":"","bindingField":"actualPrice","bindingPath":"actualPrice","code":"ActualPrice","originalId":"9ed2e451-3762-4dc3-938a-897ef363cb34","label":"actualPrice","type":{"$type":"NumericType","precision":2,"displayName":"数字","length":10,"name":"Number"},"id":"9ed2e451-3762-4dc3-938a-897ef363cb34","path":"ActualPrice","name":"实际单价"},{"$type":"SimpleField","require":false,"multiLanguage":false,"readonly":false,"editor":{"$type":"EnumField"},"defaultValue":"","bindingField":"discountType","bindingPath":"discountType","code":"DiscountType","originalId":"9bbec94c-63d5-4465-a813-4345c68ca7d6","label":"discountType","type":{"$type":"EnumType","enumValues":[{"disabled":false,"name":"折扣","value":"Dis"},{"disabled":false,"name":"无折扣","value":"NoDIs"}],"displayName":"枚举","valueType":{"$type":"StringType","displayName":"字符串","length":20,"name":"String"},"name":"Enum"},"id":"9bbec94c-63d5-4465-a813-4345c68ca7d6","path":"DiscountType","name":"折扣类型"},{"$type":"SimpleField","require":false,"multiLanguage":false,"readonly":false,"editor":{"$type":"TextBox"},"defaultValue":"","bindingField":"discount","bindingPath":"discount","code":"Discount","originalId":"d82319dd-76b4-428f-b751-ded699558d17","label":"discount","type":{"$type":"StringType","displayName":"字符串","length":10,"name":"String"},"id":"d82319dd-76b4-428f-b751-ded699558d17","path":"Discount","name":"折扣"},{"$type":"SimpleField","require":false,"multiLanguage":false,"readonly":false,"editor":{"$type":"NumericBox"},"defaultValue":"","bindingField":"amount","bindingPath":"amount","code":"Amount","originalId":"0325973a-cc2e-48f3-9654-c3e3c6167ad5","label":"amount","type":{"$type":"NumericType","precision":2,"displayName":"数字","length":10,"name":"Number"},"id":"0325973a-cc2e-48f3-9654-c3e3c6167ad5","path":"Amount","name":"结算金额"},{"$type":"SimpleField","require":false,"multiLanguage":false,"readonly":false,"editor":{"$type":"TextBox"},"defaultValue":"","bindingField":"remark","bindingPath":"remark","code":"Remark","originalId":"8a890e41-2f6f-4b71-ba48-f76c0c22e8bd","label":"remark","type":{"$type":"StringType","displayName":"字符串","length":100,"name":"String"},"id":"8a890e41-2f6f-4b71-ba48-f76c0c22e8bd","path":"Remark","name":"备注"}],"displayName":"订单明细","name":"OrderItem"},"id":"cd374004-b981-4cd6-a07b-77aee27cc0f4","name":"订单明细"},{"code":"Plus","label":"pluss","type":{"$type":"EntityType","entities":[],"primary":"id","fields":[{"$type":"SimpleField","require":true,"multiLanguage":false,"readonly":false,"editor":{"$type":"TextBox"},"defaultValue":"","bindingField":"id","bindingPath":"id","code":"ID","originalId":"6e717840-8605-4a90-bf1c-64133efc915e","label":"id","type":{"$type":"StringType","displayName":"字符串","length":36,"name":"String"},"id":"6e717840-8605-4a90-bf1c-64133efc915e","path":"ID","name":"主键"},{"$type":"SimpleField","require":true,"multiLanguage":false,"readonly":false,"editor":{"$type":"TextBox"},"defaultValue":"","bindingField":"parentID","bindingPath":"parentID","code":"ParentID","originalId":"04258102-8bb0-45a2-9621-9cf1ef827fc7","label":"parentID","type":{"$type":"StringType","displayName":"字符串","length":36,"name":"String"},"id":"04258102-8bb0-45a2-9621-9cf1ef827fc7","path":"ParentID","name":"上级对象主键"},{"$type":"ComplexField","bindingField":"fileInfo","bindingPath":"fileInfo","code":"FileInfo","originalId":"12d62bbf-2702-4ae6-8567-18835bf11d5a","label":"fileInfo","type":{"$type":"EntityType","entities":[],"primary":"fileInfo","fields":[{"$type":"SimpleField","require":false,"multiLanguage":false,"readonly":false,"editor":{"$type":"TextBox"},"defaultValue":"","bindingField":"fileInfo","bindingPath":"fileInfo.fileInfo","code":"FileInfo","originalId":"60c03be6-de91-48f3-b532-b73c1b2003dd","label":"fileInfo","type":{"$type":"StringType","displayName":"字符串","length":36,"name":"String"},"id":"60c03be6-de91-48f3-b532-b73c1b2003dd","path":"FileInfo.FileInfo","name":"附件信息"},{"$type":"SimpleField","require":false,"multiLanguage":false,"readonly":false,"editor":{"$type":"TextBox"},"defaultValue":"","bindingField":"fileInfo_FileInfo_Attachment","bindingPath":"fileInfo.fileInfo_Attachment","code":"Attachment","originalId":"940cadda-d2e7-43fc-8f9c-b1be149f6833","label":"fileInfo_Attachment","type":{"$type":"StringType","displayName":"字符串","length":36,"name":"String"},"id":"940cadda-d2e7-43fc-8f9c-b1be149f6833","path":"FileInfo.FileInfo_Attachment","name":"附件Id"},{"$type":"SimpleField","require":false,"multiLanguage":false,"readonly":false,"editor":{"$type":"TextBox"},"defaultValue":"","bindingField":"fileInfo_FileInfo_FileName","bindingPath":"fileInfo.fileInfo_FileName","code":"FileName","originalId":"34e89720-e9a1-43e6-b29a-dcfd7d95d7de","label":"fileInfo_FileName","type":{"$type":"StringType","displayName":"字符串","length":36,"name":"String"},"id":"34e89720-e9a1-43e6-b29a-dcfd7d95d7de","path":"FileInfo.FileInfo_FileName","name":"附件名称"},{"$type":"SimpleField","require":false,"multiLanguage":false,"readonly":false,"editor":{"$type":"NumericBox"},"defaultValue":"","bindingField":"fileInfo_FileInfo_FileSize","bindingPath":"fileInfo.fileInfo_FileSize","code":"FileSize","originalId":"4ab3d497-4519-4730-84a1-9e27df20a659","label":"fileInfo_FileSize","type":{"$type":"NumericType","precision":2,"displayName":"数字","length":18,"name":"Number"},"id":"4ab3d497-4519-4730-84a1-9e27df20a659","path":"FileInfo.FileInfo_FileSize","name":"附件大小"},{"$type":"SimpleField","require":false,"multiLanguage":false,"readonly":false,"editor":{"$type":"DateBox","format":"'yyyy-MM-dd'"},"defaultValue":"","bindingField":"fileInfo_FileInfo_FileCreate","bindingPath":"fileInfo.fileInfo_FileCreate","code":"FileCreate","originalId":"dd52e91d-d160-457e-890e-d029c2103e9a","label":"fileInfo_FileCreate","type":{"$type":"DateTimeType","displayName":"日期时间","name":"DateTime"},"id":"dd52e91d-d160-457e-890e-d029c2103e9a","path":"FileInfo.FileInfo_FileCreate","name":"附件上传时间"}],"displayName":"附件","name":"PF60c0"},"id":"12d62bbf-2702-4ae6-8567-18835bf11d5a","path":"FileInfo","name":"附件信息"}],"displayName":"附件","name":"Plus"},"id":"ee3fee07-95b8-4ec6-96a5-1b2b832fe187","name":"附件"}],"primary":"id","fields":[{"$type":"SimpleField","require":true,"multiLanguage":false,"readonly":false,"editor":{"$type":"TextBox"},"defaultValue":"","bindingField":"id","bindingPath":"id","code":"ID","originalId":"bc6ca04c-1a9c-4ed9-bbd4-996abba917a7","label":"id","type":{"$type":"StringType","displayName":"字符串","length":36,"name":"String"},"id":"bc6ca04c-1a9c-4ed9-bbd4-996abba917a7","path":"ID","name":"主键"},{"$type":"SimpleField","require":false,"multiLanguage":false,"readonly":false,"editor":{"$type":"DateBox","format":"'yyyy-MM-dd'"},"defaultValue":"","bindingField":"version","bindingPath":"version","code":"Version","originalId":"d4c87cf1-22be-4e18-a0d4-ff249ef5a453","label":"version","type":{"$type":"DateTimeType","displayName":"日期时间","name":"DateTime"},"id":"d4c87cf1-22be-4e18-a0d4-ff249ef5a453","path":"Version","name":"版本"},{"$type":"ComplexField","bindingField":"billStatus","bindingPath":"billStatus","code":"BillStatus","originalId":"50e3aa53-0f68-4bcc-9d0e-ed97d99a0de8","label":"billStatus","type":{"$type":"ObjectType","fields":[{"$type":"SimpleField","require":false,"multiLanguage":false,"readonly":false,"editor":{"$type":"EnumField"},"defaultValue":"","bindingField":"billStatus_BillState","bindingPath":"billStatus.billState","code":"BillState","originalId":"a0b19650-0101-468f-ae3f-40c76c0f06b0","label":"billState","type":{"$type":"EnumType","enumValues":[{"disabled":false,"name":"制单","value":"Billing"},{"disabled":false,"name":"提交审批","value":"SubmitApproval"},{"disabled":false,"name":"审批通过","value":"Approved"},{"disabled":false,"name":"审批不通过","value":"ApprovalNotPassed"}],"displayName":"枚举","valueType":{"$type":"StringType","displayName":"字符串","length":36,"name":"String"},"name":"Enum"},"id":"50e3aa53-0101-468f-ae3f-40c76c0f06b0","path":"BillStatus.BillState","name":"状态"}],"name":"BillState50e3","displayName":"状态"},"id":"50e3aa53-0f68-4bcc-9d0e-ed97d99a0de8","path":"BillStatus","name":"状态"},{"$type":"ComplexField","bindingField":"processInstance","bindingPath":"processInstance","code":"ProcessInstance","originalId":"8f847609-c1a8-456e-a633-ebe626510451","label":"processInstance","type":{"$type":"ObjectType","fields":[{"$type":"SimpleField","require":false,"multiLanguage":false,"readonly":false,"editor":{"$type":"TextBox"},"defaultValue":"","bindingField":"processInstance_ProcessInstance","bindingPath":"processInstance.processInstance","code":"ProcessInstance","originalId":"2e1beb7d-ad8f-4da3-a430-c8a7f2162135","label":"processInstance","type":{"$type":"StringType","displayName":"字符串","length":36,"name":"String"},"id":"8f847609-ad8f-4da3-a430-c8a7f2162135","path":"ProcessInstance.ProcessInstance","name":"流程实例"}],"name":"ProcessInstance8f84","displayName":"流程实例"},"id":"8f847609-c1a8-456e-a633-ebe626510451","path":"ProcessInstance","name":"流程实例"},{"$type":"SimpleField","require":false,"multiLanguage":false,"readonly":false,"editor":{"$type":"TextBox"},"defaultValue":"","bindingField":"orderCode","bindingPath":"orderCode","code":"OrderCode","originalId":"86945490-de67-44d5-922e-2af156aa1843","label":"orderCode","type":{"$type":"StringType","displayName":"字符串","length":36,"name":"String"},"id":"86945490-de67-44d5-922e-2af156aa1843","path":"OrderCode","name":"订单编号"},{"$type":"ComplexField","bindingField":"merchant","bindingPath":"merchant","code":"Merchant","originalId":"bf626804-d469-4bfb-9e99-3715928b18ff","label":"merchant","type":{"$type":"EntityType","entities":[],"primary":"merchant","fields":[{"$type":"SimpleField","require":false,"multiLanguage":false,"readonly":false,"editor":{"$type":"TextBox"},"defaultValue":"","bindingField":"merchant","bindingPath":"merchant.merchant","code":"Merchant","originalId":"17e72c5d-2086-4ccb-8d3f-045b109e64a8","label":"merchant","type":{"$type":"StringType","displayName":"字符串","length":36,"name":"String"},"id":"17e72c5d-2086-4ccb-8d3f-045b109e64a8","path":"Merchant.Merchant","name":"商户"},{"$type":"SimpleField","require":false,"multiLanguage":false,"readonly":false,"editor":{"$type":"TextBox"},"defaultValue":"","bindingField":"merchant_Merchant_name","bindingPath":"merchant.merchant_name","code":"name","originalId":"ca2fb712-9f37-4cd3-803a-fa2fcb1b2abc","label":"merchant_name","type":{"$type":"StringType","displayName":"字符串","length":100,"name":"String"},"id":"ca2fb712-9f37-4cd3-803a-fa2fcb1b2abc","path":"Merchant.Merchant_name","name":"名称"}],"displayName":"系统组织","name":"SysOrg17e7"},"id":"bf626804-d469-4bfb-9e99-3715928b18ff","path":"Merchant","name":"商户"},{"$type":"SimpleField","require":false,"multiLanguage":false,"readonly":false,"editor":{"$type":"TextBox"},"defaultValue":"","bindingField":"orderTime","bindingPath":"orderTime","code":"OrderTime","originalId":"d9062349-66f1-4b4d-94ae-3a3450fde511","label":"orderTime","type":{"$type":"StringType","displayName":"字符串","length":30,"name":"String"},"id":"d9062349-66f1-4b4d-94ae-3a3450fde511","path":"OrderTime","name":"下单时间"},{"$type":"SimpleField","require":false,"multiLanguage":false,"readonly":false,"editor":{"$type":"EnumField"},"defaultValue":"","bindingField":"payMethod","bindingPath":"payMethod","code":"PayMethod","originalId":"0fc73a46-3f15-4438-b023-8564e094ae3f","label":"payMethod","type":{"$type":"EnumType","enumValues":[{"disabled":false,"name":"现金","value":"Cash"},{"disabled":false,"name":"银联","value":"Upay"},{"disabled":false,"name":"微信","value":"WeChat"},{"disabled":false,"name":"支付宝","value":"AliPay"}],"displayName":"枚举","valueType":{"$type":"StringType","displayName":"字符串","length":20,"name":"String"},"name":"Enum"},"id":"0fc73a46-3f15-4438-b023-8564e094ae3f","path":"PayMethod","name":"支付方式"},{"$type":"SimpleField","require":false,"multiLanguage":false,"readonly":false,"editor":{"$type":"TextBox"},"defaultValue":"","bindingField":"orderType","bindingPath":"orderType","code":"OrderType","originalId":"a313bbbc-7e47-4ea0-ae9d-0d4c443e17f6","label":"orderType","type":{"$type":"StringType","displayName":"字符串","length":20,"name":"String"},"id":"a313bbbc-7e47-4ea0-ae9d-0d4c443e17f6","path":"OrderType","name":"订单类型"},{"$type":"ComplexField","bindingField":"orderPerson","bindingPath":"orderPerson","code":"OrderPerson","originalId":"1d1aa867-b521-428e-bbcb-7d2b718a9eb1","label":"orderPerson","type":{"$type":"EntityType","entities":[],"primary":"orderPerson","fields":[{"$type":"SimpleField","require":false,"multiLanguage":false,"readonly":false,"editor":{"$type":"TextBox"},"defaultValue":"","bindingField":"orderPerson","bindingPath":"orderPerson.orderPerson","code":"OrderPerson","originalId":"5ffb5340-afa6-4871-a96d-4685e3a1f0c8","label":"orderPerson","type":{"$type":"StringType","displayName":"字符串","length":36,"name":"String"},"id":"5ffb5340-afa6-4871-a96d-4685e3a1f0c8","path":"OrderPerson.OrderPerson","name":"下单人"},{"$type":"SimpleField","require":false,"multiLanguage":false,"readonly":false,"editor":{"$type":"TextBox"},"defaultValue":"","bindingField":"orderPerson_OrderPerson_name","bindingPath":"orderPerson.orderPerson_name","code":"name","originalId":"46cb53b8-60e6-4264-8de1-e8a5731c673f","label":"orderPerson_name","type":{"$type":"StringType","displayName":"字符串","length":100,"name":"String"},"id":"46cb53b8-60e6-4264-8de1-e8a5731c673f","path":"OrderPerson.OrderPerson_name","name":"名称"}],"displayName":"系统组织","name":"SysOrg5ffb"},"id":"1d1aa867-b521-428e-bbcb-7d2b718a9eb1","path":"OrderPerson","name":"下单人"},{"$type":"SimpleField","require":false,"multiLanguage":false,"readonly":false,"editor":{"$type":"TextBox"},"defaultValue":"","bindingField":"telephone","bindingPath":"telephone","code":"Telephone","originalId":"fe4d6422-eefc-4a5a-b6a1-dc0618d82f68","label":"telephone","type":{"$type":"StringType","displayName":"字符串","length":20,"name":"String"},"id":"fe4d6422-eefc-4a5a-b6a1-dc0618d82f68","path":"Telephone","name":"联系电话"},{"$type":"SimpleField","require":false,"multiLanguage":false,"readonly":false,"editor":{"$type":"EnumField"},"defaultValue":"","bindingField":"orderState","bindingPath":"orderState","code":"OrderState","originalId":"cd5e1d95-8e87-41fd-b951-a4a0bbf039d3","label":"orderState","type":{"$type":"EnumType","enumValues":[{"disabled":false,"name":"未发货","value":"Unshipped"},{"disabled":false,"name":"已发货","value":"Shipped"}],"displayName":"枚举","valueType":{"$type":"StringType","displayName":"字符串","length":20,"name":"String"},"name":"Enum"},"id":"cd5e1d95-8e87-41fd-b951-a4a0bbf039d3","path":"OrderState","name":"订单状态"},{"$type":"SimpleField","require":false,"multiLanguage":false,"readonly":false,"editor":{"$type":"TextBox"},"defaultValue":"","bindingField":"remark","bindingPath":"remark","code":"Remark","originalId":"729382b8-1f97-4133-971a-443c00dcfa80","label":"remark","type":{"$type":"StringType","displayName":"字符串","length":100,"name":"String"},"id":"729382b8-1f97-4133-971a-443c00dcfa80","path":"Remark","name":"备注"},{"$type":"SimpleField","require":false,"multiLanguage":false,"readonly":false,"editor":{"$type":"NumericBox"},"defaultValue":"","bindingField":"totalPrice","bindingPath":"totalPrice","code":"TotalPrice","originalId":"c123bb96-1c33-4d29-bb6a-faf065df8e3a","label":"totalPrice","type":{"$type":"NumericType","precision":2,"displayName":"数字","length":10,"name":"Number"},"id":"c123bb96-1c33-4d29-bb6a-faf065df8e3a","path":"TotalPrice","name":"订单金额"}],"displayName":"销售订单","name":"SO"},"id":"010e1957-d00a-410a-9f2c-ab6aa677d504","name":"销售订单"}],"sourceUri":"api/scm/om/v1.0/SaleOrderList_frm","extendProperties":{"enableStdTimeFormat":true},"sourceType":"vo","code":"SaleOrderList_frm","variables":[],"id":"c18959b7-ec42-4018-a93e-bc950da420d5","name":"销售订单列表_frm"}],"states":[],"contents":[],"stateMachines":[{"id":"SaleOrderList_state_machine","name":"销售订单列表_frm","uri":"067be4bd-186e-4da7-8fb9-ff817eaafe9b","code":"SaleOrderList_frm","nameSpace":"Inspur.GS.SCM.OM.SO.SO.Front"}],"viewmodels":[{"id":"root-viewmodel","code":"root-viewmodel","name":"销售订单","fields":[],"stateMachine":"SaleOrderList_state_machine","serviceRefs":[],"commands":[{"id":"93ee1cd2-cf0b-40b3-b99f-958a3d1fad1c","code":"Load1","name":"加载数据","params":[{"name":"filter","shownName":"过滤条件","value":""},{"name":"sort","shownName":"排序条件","value":""}],"handlerName":"Load","cmpId":"70b4abd4-9f2c-4b7c-90e9-6ac6f4b74c72","extensions":[],"isInvalid":false},{"id":"71ae8a4c-6202-4875-9246-2e2d959da37f","code":"Search1","name":"查询数据","params":[{"name":"filter","shownName":"过滤条件","value":""},{"name":"sort","shownName":"排序条件","value":""},{"name":"pageSize","shownName":"分页大小","value":""},{"name":"pageIndex","shownName":"当前页码","value":""}],"handlerName":"Search","cmpId":"70b4abd4-9f2c-4b7c-90e9-6ac6f4b74c72","extensions":[],"isInvalid":false},{"id":"6d5a354f-871f-43e6-82bc-7837184380d3","code":"RemoveRows1","name":"删除多行数据","params":[{"name":"ids","shownName":"待删除数据的标识","value":"{UISTATE~/#{data-grid-component}/ids}"}],"handlerName":"RemoveRows","cmpId":"70b4abd4-9f2c-4b7c-90e9-6ac6f4b74c72","extensions":[],"isInvalid":false},{"id":"77556491-41c0-4356-8ccf-25e39817060e","code":"Add1","name":"在新页签中新增数据","params":[{"name":"url","shownName":"功能菜单标识","value":"fa51df80-8578-4eba-af52-4ab07c3e9d6d"},{"name":"params","shownName":"附加参数","value":"{\"action\":\"LoadAndAdd1\"}"},{"name":"enableRefresh","shownName":"支持刷新列表数据","value":""},{"name":"tabName","shownName":"标签页标题","value":""},{"name":"destructuring","shownName":"是否解构参数","value":""}],"handlerName":"Add","cmpId":"70b4abd4-9f2c-4b7c-90e9-6ac6f4b74c72","isInvalid":false,"isNewGenerated":false,"targetComponent":"root-component"},{"id":"52fdcac3-46c8-466e-aa5d-19920ece2076","code":"View1","name":"在新页签中查看数据","params":[{"name":"url","shownName":"功能菜单标识","value":"fa51df80-8578-4eba-af52-4ab07c3e9d6d"},{"name":"params","shownName":"附加参数","value":"{\"action\":\"LoadAndView1\", \"id\":\"{DATA~/#{data-grid-component}/id}\"}"},{"name":"idToView","shownName":"待查看数据的标识","value":"{DATA~/#{data-grid-component}/id}"},{"name":"enableRefresh","shownName":"支持刷新列表数据","value":""},{"name":"tabName","shownName":"标签页标题","value":""},{"name":"destructuring","shownName":"是否解构参数","value":""}],"handlerName":"View","cmpId":"70b4abd4-9f2c-4b7c-90e9-6ac6f4b74c72","isInvalid":false,"isNewGenerated":false,"targetComponent":"root-component"},{"id":"7ade9996-0531-4401-b1bc-fb9ec8ee3f8e","code":"Edit1","name":"在新页签中编辑数据","params":[{"name":"url","shownName":"功能菜单标识","value":"fa51df80-8578-4eba-af52-4ab07c3e9d6d"},{"name":"params","shownName":"附加参数","value":"{\"action\":\"LoadAndEdit1\", \"id\":\"{DATA~/#{data-grid-component}/id}\"}"},{"name":"idToEdit","shownName":"待编辑数据的标识","value":"{DATA~/#{data-grid-component}/id}"},{"name":"enableRefresh","shownName":"支持刷新列表数据","value":""},{"name":"tabName","shownName":"标签页标题","value":""},{"name":"destructuring","shownName":"是否解构参数","value":""}],"handlerName":"Edit","cmpId":"70b4abd4-9f2c-4b7c-90e9-6ac6f4b74c72","isInvalid":false,"isNewGenerated":false,"targetComponent":"root-component"},{"id":"debae2dd-3387-48cf-90ba-96e74ab5a8e5","code":"Remove1","name":"删除当前数据","params":[{"name":"id","shownName":"待删除数据的标识","value":"{DATA~/#{data-grid-component}/id}"}],"handlerName":"Remove","cmpId":"70b4abd4-9f2c-4b7c-90e9-6ac6f4b74c72","extensions":[],"isInvalid":false},{"id":"0d36eb0a-fe86-4769-b232-b84c72dcc02f","code":"Filter1","name":"过滤并加载数据1","params":[{"name":"filter","shownName":"过滤条件","value":"{UISTATE~/#{root-component}/originalFilterConditionList}"},{"name":"sort","shownName":"排序条件","value":""}],"handlerName":"Filter","cmpId":"54bddc89-5f7e-4b91-9c45-80dd6606cfe9","shortcut":{},"extensions":[],"isInvalid":false},{"id":"0d34f338-b601-4716-8530-493b0752483b","code":"submitWithBizDefKey1","name":"提交审批","params":[{"name":"dataId","shownName":"表单数据id","value":"{DATA~/#{data-grid-component}/id}"},{"name":"bizDefKey","shownName":"流程分类id","value":""},{"name":"action","shownName":"迁移动作（可选）","value":""}],"handlerName":"submitWithBizDefKey","cmpId":"a7cb7d01-9df1-4a32-8202-99c9d0f4c339","shortcut":{},"extensions":[],"isInvalid":false},{"id":"e492063e-a22d-4f23-8aed-7fe139843220","code":"cancelSubmitWithDataId1","name":"取消提交","params":[{"name":"dataId","shownName":"表单数据id","value":"{DATA~/#{data-grid-component}/id}"},{"name":"bizDefKey","shownName":"流程分类id","value":""},{"name":"action","shownName":"迁移动作（可选）","value":""}],"handlerName":"cancelSubmitWithDataId","cmpId":"a7cb7d01-9df1-4a32-8202-99c9d0f4c339","shortcut":{},"extensions":[],"isInvalid":false}],"states":[{"id":"ad1250a9-fe0c-4dcf-81fe-9c2c52608c66","category":"locale","code":"originalFilterConditionList","name":"筛选方案筛选条件","type":"String"}],"bindTo":"/","enableUnifiedSession":false},{"id":"data-grid-component-viewmodel","code":"data-grid-component-viewmodel","name":"销售订单","fields":[{"type":"Form","id":"50e3aa53-0101-468f-ae3f-40c76c0f06b0","fieldName":"billStatus_BillState","groupId":null,"groupName":null,"updateOn":"change"},{"type":"Form","id":"86945490-de67-44d5-922e-2af156aa1843","fieldName":"orderCode","groupId":null,"groupName":null,"updateOn":"blur"},{"type":"Form","id":"ca2fb712-9f37-4cd3-803a-fa2fcb1b2abc","fieldName":"merchant_Merchant_name","groupId":null,"groupName":null,"updateOn":"blur","fieldSchema":{"name":"商户"}},{"type":"Form","id":"d9062349-66f1-4b4d-94ae-3a3450fde511","fieldName":"orderTime","groupId":null,"groupName":null,"updateOn":"blur"},{"type":"Form","id":"0fc73a46-3f15-4438-b023-8564e094ae3f","fieldName":"payMethod","groupId":null,"groupName":null,"updateOn":"change"},{"type":"Form","id":"46cb53b8-60e6-4264-8de1-e8a5731c673f","fieldName":"orderPerson_OrderPerson_name","groupId":"","groupName":"","valueChanging":"","valueChanged":"","updateOn":"blur","fieldSchema":{"name":"下单人"}},{"type":"Form","id":"cd5e1d95-8e87-41fd-b951-a4a0bbf039d3","fieldName":"orderState","groupId":"","groupName":"","valueChanging":"","valueChanged":"","updateOn":"change","fieldSchema":{}},{"type":"Form","id":"c123bb96-1c33-4d29-bb6a-faf065df8e3a","fieldName":"totalPrice","groupId":"","groupName":"","valueChanging":"","valueChanged":"","updateOn":"blur","fieldSchema":{}}],"serviceRefs":[],"commands":[{"id":"1a1b7c33-38f0-469f-a017-223086ee6259","code":"ChangePage1","name":"切换页码","params":[{"name":"loadCommandName","shownName":"切换页面后回调方法","value":"Filter1"},{"name":"loadCommandFrameId","shownName":"目标组件","value":"#{root-component}"}],"handlerName":"ChangePage","cmpId":"70b4abd4-9f2c-4b7c-90e9-6ac6f4b74c72","extensions":[],"isInvalid":false},{"id":"92378a56-f351-40a1-a60b-5d52eeefa775","code":"datagridView1","name":"在新页签中查看数据1","params":[{"name":"url","shownName":"功能菜单标识","value":"fa51df80-8578-4eba-af52-4ab07c3e9d6d"},{"name":"params","shownName":"附加参数","value":"{\"action\":\"LoadAndView1\", \"id\":\"{DATA~/#{data-grid-component}/id}\"}"},{"name":"idToView","shownName":"待查看数据的标识","value":""},{"name":"enableRefresh","shownName":"支持刷新列表数据","value":false},{"name":"tabName","shownName":"标签页标题","value":""},{"name":"destructuring","shownName":"是否解构参数","value":""}],"handlerName":"View","cmpId":"70b4abd4-9f2c-4b7c-90e9-6ac6f4b74c72","isInvalid":false,"isNewGenerated":false,"targetComponent":"data-grid-component"}],"states":[],"bindTo":"/","parent":"root-viewmodel","pagination":{"enable":true,"pageSize":20,"pageList":"10,20,30,50,100"},"enableValidation":false,"allowEmpty":true}],"components":[{"id":"root-component","type":"Component","componentType":"Frame","viewModel":"root-viewmodel","onInit":"Filter1","contents":[{"id":"root-layout","type":"ContentContainer","appearance":{"class":"f-page f-page-is-managelist f-page-has-scheme"},"size":null,"contents":[{"id":"query-scheme-section","type":"Section","appearance":{"class":"f-section-scheme f-section-in-managelist"},"size":null,"fill":false,"expanded":true,"showHeader":false,"contents":[{"id":"query-scheme-1","type":"QueryScheme","appearance":null,"fieldConfigs":[{"id":"bc6ca04c-1a9c-4ed9-bbd4-996abba917a7","labelCode":"ID","code":"ID","name":"主键","control":{"id":"bc6ca04c-1a9c-4ed9-bbd4-996abba917a7","controltype":"text","require":false,"className":"","modalConfig":{"modalCmp":null,"mapFields":null,"showHeader":true,"title":"","showCloseButton":true,"showMaxButton":true,"width":800,"height":600,"showFooterButtons":true,"footerButtons":[]}}},{"id":"d4c87cf1-22be-4e18-a0d4-ff249ef5a453","labelCode":"Version","code":"Version","name":"版本","control":{"id":"d4c87cf1-22be-4e18-a0d4-ff249ef5a453","controltype":"date","require":false,"format":"yyyy-MM-dd","weekSelect":false,"startFieldCode":"Version","endFieldCode":"Version"}},{"id":"50e3aa53-0101-468f-ae3f-40c76c0f06b0","labelCode":"BillStatus.BillState","code":"BillState","name":"状态","control":{"id":"50e3aa53-0101-468f-ae3f-40c76c0f06b0","controltype":"dropdown","require":false,"valueType":"1","enumValues":[{"disabled":false,"name":"制单","value":"Billing"},{"disabled":false,"name":"提交审批","value":"SubmitApproval"},{"disabled":false,"name":"审批通过","value":"Approved"},{"disabled":false,"name":"审批不通过","value":"ApprovalNotPassed"}],"className":"","multiSelect":false,"panelHeight":null,"idField":"value","textField":"name","uri":""}},{"id":"8f847609-ad8f-4da3-a430-c8a7f2162135","labelCode":"ProcessInstance.ProcessInstance","code":"ProcessInstance","name":"流程实例","control":{"id":"8f847609-ad8f-4da3-a430-c8a7f2162135","controltype":"text","require":false,"className":""}},{"id":"86945490-de67-44d5-922e-2af156aa1843","labelCode":"OrderCode","code":"OrderCode","name":"订单编号","control":{"id":"86945490-de67-44d5-922e-2af156aa1843","controltype":"text","require":false,"className":""}},{"id":"17e72c5d-2086-4ccb-8d3f-045b109e64a8","labelCode":"Merchant.Merchant","code":"Merchant","name":"商户","control":{"id":"17e72c5d-2086-4ccb-8d3f-045b109e64a8","controltype":"text","require":false,"className":""}},{"id":"ca2fb712-9f37-4cd3-803a-fa2fcb1b2abc","labelCode":"Merchant.Merchant_name","code":"name","name":"商户","control":{"id":"ca2fb712-9f37-4cd3-803a-fa2fcb1b2abc","controltype":"help","require":false,"helpId":"b524a702-7323-4d46-998e-5ba0c6abcd49","uri":"SO.merchant_Merchant_name","idField":"id","valueField":"name","textField":"name","displayType":"TreeList","enableExtendLoadMethod":true,"enableFullTree":false,"loadTreeDataType":"default","multiSelect":false,"enableCascade":false,"cascadeStatus":"enable","expandLevel":-1,"className":"","nosearch":false,"displayFields":"","clearFields":"","editable":false,"pageList":"10,20,30,50","pageSize":20,"dialogTitle":"","panelHeight":null,"panelWidth":null,"enableMultiFieldSearch":false,"quickSelect":{"enable":false,"showItemsCount":10,"formatter":null,"showMore":true},"modalConfig":{"modalCmp":null,"mapFields":null,"showHeader":true,"title":"","showCloseButton":true,"showMaxButton":true,"width":800,"height":600,"showFooterButtons":true,"footerButtons":[]},"displayName":"系统组织帮助","type":"ViewObject","helpCode":"sysorghlp","conditions":null}},{"id":"d9062349-66f1-4b4d-94ae-3a3450fde511","labelCode":"OrderTime","code":"OrderTime","name":"下单时间","control":{"id":"d9062349-66f1-4b4d-94ae-3a3450fde511","controltype":"date","require":false,"format":"yyyy-MM-dd","returnFormat":"yyyy-MM-dd","weekSelect":false,"className":""}},{"id":"0fc73a46-3f15-4438-b023-8564e094ae3f","labelCode":"PayMethod","code":"PayMethod","name":"支付方式","control":{"id":"0fc73a46-3f15-4438-b023-8564e094ae3f","controltype":"dropdown","require":false,"valueType":"1","enumValues":[{"disabled":false,"name":"现金","value":"Cash"},{"disabled":false,"name":"银联","value":"Upay"},{"disabled":false,"name":"微信","value":"WeChat"},{"disabled":false,"name":"支付宝","value":"AliPay"}],"className":"","multiSelect":false,"panelHeight":null,"idField":"value","textField":"name","uri":""}},{"id":"a313bbbc-7e47-4ea0-ae9d-0d4c443e17f6","labelCode":"OrderType","code":"OrderType","name":"订单类型","control":{"id":"a313bbbc-7e47-4ea0-ae9d-0d4c443e17f6","controltype":"text","require":false,"className":""}},{"id":"5ffb5340-afa6-4871-a96d-4685e3a1f0c8","labelCode":"OrderPerson.OrderPerson","code":"OrderPerson","name":"下单人","control":{"id":"5ffb5340-afa6-4871-a96d-4685e3a1f0c8","controltype":"text","require":false,"className":""}},{"id":"46cb53b8-60e6-4264-8de1-e8a5731c673f","labelCode":"OrderPerson.OrderPerson_name","code":"name","name":"名称","control":{"id":"46cb53b8-60e6-4264-8de1-e8a5731c673f","controltype":"text","require":false,"className":"","modalConfig":{"modalCmp":null,"mapFields":null,"showHeader":true,"title":"","showCloseButton":true,"showMaxButton":true,"width":800,"height":600,"showFooterButtons":true,"footerButtons":[]}}},{"id":"fe4d6422-eefc-4a5a-b6a1-dc0618d82f68","labelCode":"Telephone","code":"Telephone","name":"联系电话","control":{"id":"fe4d6422-eefc-4a5a-b6a1-dc0618d82f68","controltype":"text","require":false,"className":""}},{"id":"cd5e1d95-8e87-41fd-b951-a4a0bbf039d3","labelCode":"OrderState","code":"OrderState","name":"订单状态","control":{"id":"cd5e1d95-8e87-41fd-b951-a4a0bbf039d3","controltype":"dropdown","require":false,"valueType":"1","enumValues":[{"disabled":false,"name":"未发货","value":"Unshipped"},{"disabled":false,"name":"已发货","value":"Shipped"}],"className":"","multiSelect":false,"panelHeight":null,"idField":"value","textField":"name","uri":""}},{"id":"729382b8-1f97-4133-971a-443c00dcfa80","labelCode":"Remark","code":"Remark","name":"备注","control":{"id":"729382b8-1f97-4133-971a-443c00dcfa80","controltype":"text","require":false,"className":""}},{"id":"c123bb96-1c33-4d29-bb6a-faf065df8e3a","labelCode":"TotalPrice","code":"TotalPrice","name":"订单金额","control":{"id":"c123bb96-1c33-4d29-bb6a-faf065df8e3a","controltype":"number","require":false,"className":"","textAlign":"left","precision":2,"isBigNumber":false}}],"presetFieldConfigs":[{"id":"50e3aa53-0101-468f-ae3f-40c76c0f06b0","labelCode":"BillStatus.BillState","code":"BillState","name":"状态","control":{"id":"50e3aa53-0101-468f-ae3f-40c76c0f06b0","controltype":"dropdown","require":false,"valueType":"1","enumValues":[{"disabled":false,"name":"制单","value":"Billing"},{"disabled":false,"name":"提交审批","value":"SubmitApproval"},{"disabled":false,"name":"审批通过","value":"Approved"},{"disabled":false,"name":"审批不通过","value":"ApprovalNotPassed"}],"className":"","multiSelect":false,"panelHeight":null,"idField":"value","textField":"name","uri":""}},{"id":"86945490-de67-44d5-922e-2af156aa1843","labelCode":"OrderCode","code":"OrderCode","name":"订单编号","control":{"id":"86945490-de67-44d5-922e-2af156aa1843","controltype":"text","require":false,"className":""}},{"id":"ca2fb712-9f37-4cd3-803a-fa2fcb1b2abc","labelCode":"Merchant.Merchant_name","code":"name","name":"商户","control":{"id":"ca2fb712-9f37-4cd3-803a-fa2fcb1b2abc","controltype":"help","require":false,"helpId":"b524a702-7323-4d46-998e-5ba0c6abcd49","uri":"SO.merchant_Merchant_name","idField":"id","valueField":"name","textField":"name","displayType":"TreeList","enableExtendLoadMethod":true,"enableFullTree":false,"loadTreeDataType":"default","multiSelect":false,"enableCascade":false,"cascadeStatus":"enable","expandLevel":-1,"className":"","nosearch":false,"displayFields":"","clearFields":"","editable":false,"pageList":"10,20,30,50","pageSize":20,"dialogTitle":"","panelHeight":null,"panelWidth":null,"enableMultiFieldSearch":false,"quickSelect":{"enable":false,"showItemsCount":10,"formatter":null,"showMore":true},"modalConfig":{"modalCmp":null,"mapFields":null,"showHeader":true,"title":"","showCloseButton":true,"showMaxButton":true,"width":800,"height":600,"showFooterButtons":true,"footerButtons":[]},"displayName":"系统组织帮助","type":"ViewObject","helpCode":"sysorghlp","conditions":null}},{"id":"d9062349-66f1-4b4d-94ae-3a3450fde511","labelCode":"OrderTime","code":"OrderTime","name":"下单时间","control":{"id":"d9062349-66f1-4b4d-94ae-3a3450fde511","controltype":"date","require":false,"format":"yyyy-MM-dd","returnFormat":"yyyy-MM-dd","weekSelect":false,"className":""}}],"formId":"SaleOrderList","isDisabled":false,"presetQuerySolutionName":"默认筛选方案","onQuery":"Filter1","isControlInline":true,"visible":true,"binding":null,"enableInitQuery":false,"showCompleteLabel":false,"expanded":true,"enableHistory":false,"filterText":"筛选","openAdvancedMode":false,"queryAfterValueChange":false,"hideOrgselector":false}],"visible":true,"mainTitle":"主标题","subTitle":"","headerClass":"","titleClass":"","extendedHeaderAreaClass":"","toolbarClass":"","extendedAreaClass":"","contentTemplateClass":"","enableMaximize":false,"enableAccordion":true,"accordionMode":"default","headerTemplate":"","titleTemplate":"","extendedHeaderAreaTemplate":"","toolbarTemplate":"","extendedAreaTemplate":"","isScrollSpyItem":false,"toolbar":{"type":"SectionToolbar","position":"inHead","contents":[]}},{"id":"page-header","type":"ContentContainer","appearance":{"class":"f-page-header"},"size":null,"contents":[{"id":"header-nav","type":"ContentContainer","appearance":{"class":"f-page-header-base"},"size":null,"contents":[{"id":"header-title-container","type":"ContentContainer","appearance":{"class":"f-title"},"size":null,"contents":[{"id":"page-header-title","type":"HtmlTemplate","html":"<span class=\"f-title-icon f-text-orna-manage\"><i class=\"f-icon f-icon-page-title-administer\"></i></span><h4 class=\"f-title-text\">{{'title'|lang:lang:'销售订单列表'}}</h4>"}],"visible":true,"isScrollspyContainer":false,"isLikeCardContainer":false},{"id":"page-header-toolbar","type":"ToolBar","appearance":{"class":"col-7 f-toolbar"},"size":null,"items":[{"id":"button-add","type":"ToolBarItem","appearance":{"class":"btn-primary"},"disable":"!viewModel.stateMachine['canAdd']","text":"新增","visible":true,"click":"Add1","items":[],"usageMode":"button","modalConfig":null},{"id":"button-edit","type":"ToolBarItem","appearance":null,"disable":"!viewModel.stateMachine['canEdit']","text":"编辑","visible":true,"click":"Edit1","items":[],"usageMode":"button","modalConfig":null},{"id":"button-view","type":"ToolBarItem","appearance":null,"disable":"!viewModel.stateMachine['canView']","text":"查看","visible":true,"click":"View1","items":[],"usageMode":"button","modalConfig":null},{"id":"button-delete","type":"ToolBarItem","appearance":null,"disable":"!viewModel.stateMachine['canRemove']","text":"删除","visible":true,"click":"Remove1","items":[],"usageMode":"button","modalConfig":null},{"id":"button-approve","type":"ToolBarItem","appearance":null,"disable":"!viewModel.stateMachine['canApprove']","text":"提交审批","visible":true,"click":"submitWithBizDefKey1","items":[],"usageMode":"button","modalConfig":null},{"id":"button-cancel-approve","type":"ToolBarItem","appearance":null,"disable":"!viewModel.stateMachine['canCancelApprove']","text":"取消提交审批","visible":true,"click":"cancelSubmitWithDataId1","items":[],"usageMode":"button","modalConfig":null}],"visible":true,"buttonSize":"default","popDirection":"default"}],"visible":true,"isScrollspyContainer":false,"isLikeCardContainer":false}],"visible":true,"isScrollspyContainer":false,"isLikeCardContainer":false},{"id":"page-main","type":"ContentContainer","appearance":{"class":"f-page-main"},"size":null,"contents":[{"id":"data-grid-component-ref","type":"ComponentRef","component":"data-grid-component","visible":true}],"visible":true,"isScrollspyContainer":false,"isLikeCardContainer":false}],"visible":true,"isScrollspyContainer":false,"isLikeCardContainer":false}],"appearance":null,"visible":true,"afterViewInit":null},{"id":"data-grid-component","type":"Component","componentType":"dataGrid","viewModel":"data-grid-component-viewmodel","appearance":{"class":"f-struct-wrapper f-utils-fill-flex-column"},"onInit":"","contents":[{"id":"data-grid-section","type":"Section","appearance":{"class":"f-section-grid f-section-in-managelist"},"size":null,"mainTitle":"","subTitle":"","headerClass":"","titleClass":"","extendedHeaderAreaClass":"","toolbarClass":"","extendedAreaClass":"","contentTemplateClass":"","fill":true,"expanded":true,"enableMaximize":true,"enableAccordion":true,"accordionMode":"default","showHeader":false,"headerTemplate":"","titleTemplate":"","extendedHeaderAreaTemplate":"","toolbarTemplate":"","extendedAreaTemplate":"","contents":[{"id":"dataGrid","type":"DataGrid","controlSource":"Farris","appearance":{"class":"f-component-grid"},"size":null,"dataSource":"sos","fields":[{"id":"billStatus_BillState_50e3aa53_3sea","type":"GridField","controlSource":"Farris","caption":"状态","captionTemplate":null,"dataField":"billStatus.billState","dataType":"enum","binding":{"type":"Form","path":"billStatus_BillState","field":"50e3aa53-0101-468f-ae3f-40c76c0f06b0","fullPath":"BillStatus.BillState"},"enumData":[{"disabled":false,"name":"制单","value":"Billing"},{"disabled":false,"name":"提交审批","value":"SubmitApproval"},{"disabled":false,"name":"审批通过","value":"Approved"},{"disabled":false,"name":"审批不通过","value":"ApprovalNotPassed"}],"appearance":null,"size":{"width":120},"displayTemplate":null,"editor":null,"draggable":false,"frozen":"none","sortable":true,"sortOrder":null,"resizeable":true,"aggregate":{"type":"none","formatter":{"type":"none"}},"groupAggregate":{"type":"none","formatter":{"type":"none"}},"styler":"","colTemplate":"","linkedLabelEnabled":false,"linkedLabelClick":null,"textAlign":"left","hAlign":"left","vAlign":"middle","formatter":{"type":"none"},"showTips":false,"tipContent":null,"multiLanguage":false,"enableFilter":false,"headerStyler":"","localization":false,"idField":"value","textField":"name","readonly":false,"visible":true,"allowGrouping":true,"tipMode":"auto","captionTipContent":"","captionTipStyler":"","enableBatchEdit":false},{"id":"orderCode_86945490_15in","type":"GridField","controlSource":"Farris","caption":"订单编号","captionTemplate":null,"dataField":"orderCode","dataType":"string","binding":{"type":"Form","path":"orderCode","field":"86945490-de67-44d5-922e-2af156aa1843","fullPath":"OrderCode"},"enumData":null,"appearance":null,"size":{"width":120},"displayTemplate":null,"editor":null,"draggable":false,"frozen":"none","sortable":true,"sortOrder":null,"resizeable":true,"aggregate":{"type":"none","formatter":{"type":"none"}},"groupAggregate":{"type":"none","formatter":{"type":"none"}},"styler":"","colTemplate":"","linkedLabelEnabled":true,"linkedLabelClick":"datagridView1","textAlign":"left","hAlign":"left","vAlign":"middle","formatter":{"type":"none"},"showTips":false,"tipContent":null,"multiLanguage":false,"enableFilter":false,"headerStyler":"","localization":false,"idField":"value","textField":"name","readonly":false,"visible":true,"allowGrouping":true,"tipMode":"auto","captionTipContent":"","captionTipStyler":"","enableBatchEdit":false,"localizationType":"Date"},{"id":"merchant_Merchant_name_ca2fb712_oe0t","type":"GridField","controlSource":"Farris","caption":"商户","captionTemplate":null,"dataField":"merchant.merchant_name","dataType":"string","binding":{"type":"Form","path":"merchant_Merchant_name","field":"ca2fb712-9f37-4cd3-803a-fa2fcb1b2abc","fullPath":"Merchant.Merchant_name"},"enumData":null,"appearance":null,"size":{"width":120},"displayTemplate":null,"editor":null,"draggable":false,"frozen":"none","sortable":true,"sortOrder":null,"resizeable":true,"aggregate":{"type":"none","formatter":{"type":"none"}},"groupAggregate":{"type":"none","formatter":{"type":"none"}},"styler":"","colTemplate":"","linkedLabelEnabled":false,"linkedLabelClick":null,"textAlign":"left","hAlign":"left","vAlign":"middle","formatter":{"type":"none"},"showTips":false,"tipContent":null,"multiLanguage":false,"enableFilter":false,"headerStyler":"","localization":false,"idField":"value","textField":"name","readonly":false,"visible":true,"allowGrouping":true,"tipMode":"auto","captionTipContent":"","captionTipStyler":"","enableBatchEdit":false,"localizationType":"Date"},{"id":"orderPerson_OrderPerson_name_46cb53b8_bfb4","type":"GridField","controlSource":"Farris","caption":"下单人","binding":{"type":"Form","path":"orderPerson_OrderPerson_name","field":"46cb53b8-60e6-4264-8de1-e8a5731c673f","fullPath":"OrderPerson.OrderPerson_name"},"appearance":null,"size":{"width":120},"readonly":false,"dataField":"orderPerson.orderPerson_name","dataType":"string","displayTemplate":null,"captionTemplate":null,"editor":null,"draggable":false,"frozen":"none","sortable":true,"enumData":null,"idField":"value","textField":"name","aggregate":{"type":"none","formatter":{"type":"none"}},"groupAggregate":{"type":"none","formatter":{"type":"none"}},"linkedLabelEnabled":false,"linkedLabelClick":null,"textAlign":"left","hAlign":"left","vAlign":"middle","formatter":{"type":"none"},"showTips":false,"tipContent":null,"multiLanguage":false,"visible":true,"enableFilter":false,"headerStyler":"","styler":"","localization":false,"allowGrouping":true,"tipMode":"auto","captionTipContent":"","captionTipStyler":"","enableBatchEdit":false,"localizationType":"Date"},{"id":"orderTime_d9062349_lu54","type":"GridField","controlSource":"Farris","caption":"下单时间","captionTemplate":null,"dataField":"orderTime","dataType":"string","binding":{"type":"Form","path":"orderTime","field":"d9062349-66f1-4b4d-94ae-3a3450fde511","fullPath":"OrderTime"},"enumData":null,"appearance":null,"size":{"width":120},"displayTemplate":null,"editor":null,"draggable":false,"frozen":"none","sortable":true,"sortOrder":null,"resizeable":true,"aggregate":{"type":"none","formatter":{"type":"none"}},"groupAggregate":{"type":"none","formatter":{"type":"none"}},"styler":"","colTemplate":"","linkedLabelEnabled":false,"linkedLabelClick":null,"textAlign":"left","hAlign":"left","vAlign":"middle","formatter":{"type":"none"},"showTips":false,"tipContent":null,"multiLanguage":false,"enableFilter":false,"headerStyler":"","localization":false,"idField":"value","textField":"name","readonly":false,"visible":true,"allowGrouping":true,"tipMode":"auto","captionTipContent":"","captionTipStyler":"","enableBatchEdit":false,"localizationType":"Date"},{"id":"payMethod_0fc73a46_ogsf","type":"GridField","controlSource":"Farris","caption":"支付方式","captionTemplate":null,"dataField":"payMethod","dataType":"enum","binding":{"type":"Form","path":"payMethod","field":"0fc73a46-3f15-4438-b023-8564e094ae3f","fullPath":"PayMethod"},"enumData":[{"disabled":false,"name":"现金","value":"Cash"},{"disabled":false,"name":"银联","value":"Upay"},{"disabled":false,"name":"微信","value":"WeChat"},{"disabled":false,"name":"支付宝","value":"AliPay"}],"appearance":null,"size":{"width":120},"displayTemplate":null,"editor":null,"draggable":false,"frozen":"none","sortable":true,"sortOrder":null,"resizeable":true,"aggregate":{"type":"none","formatter":{"type":"none"}},"groupAggregate":{"type":"none","formatter":{"type":"none"}},"styler":"","colTemplate":"","linkedLabelEnabled":false,"linkedLabelClick":null,"textAlign":"left","hAlign":"left","vAlign":"middle","formatter":{"type":"none"},"showTips":false,"tipContent":null,"multiLanguage":false,"enableFilter":false,"headerStyler":"","localization":false,"idField":"value","textField":"name","readonly":false,"visible":true,"allowGrouping":true,"tipMode":"auto","captionTipContent":"","captionTipStyler":"","enableBatchEdit":false},{"id":"orderState_cd5e1d95_x4qs","type":"GridField","controlSource":"Farris","caption":"订单状态","binding":{"type":"Form","path":"orderState","field":"cd5e1d95-8e87-41fd-b951-a4a0bbf039d3","fullPath":"OrderState"},"appearance":null,"size":{"width":120},"readonly":false,"dataField":"orderState","dataType":"enum","displayTemplate":null,"captionTemplate":null,"editor":null,"draggable":false,"frozen":"none","sortable":true,"enumData":[{"disabled":false,"name":"未发货","value":"Unshipped"},{"disabled":false,"name":"已发货","value":"Shipped"}],"idField":"value","textField":"name","aggregate":{"type":"none","formatter":{"type":"none"}},"groupAggregate":{"type":"none","formatter":{"type":"none"}},"linkedLabelEnabled":false,"linkedLabelClick":null,"textAlign":"left","hAlign":"left","vAlign":"middle","formatter":{"type":"enum"},"showTips":false,"tipContent":null,"multiLanguage":false,"visible":true,"enableFilter":false,"headerStyler":"","styler":"","localization":false,"allowGrouping":true,"tipMode":"auto","captionTipContent":"","captionTipStyler":"","enableBatchEdit":false,"colTemplate":"<span *ngIf=\"ctx.rowData.orderState === 'Unshipped'\">\r\n   <span class=\"badge-round-danger mr-2\"></span>{{'GridField/orderState_cd5e1d95_x4qs/enumData/Unshipped'|lang:lang:'未发货'}}\r\n</span>\r\n<span *ngIf=\"ctx.rowData.orderState === 'Shipped'\">\r\n   <span class=\"badge-round-info mr-2\"></span>{{'GridField/orderState_cd5e1d95_x4qs/enumData/Shipped'|lang:lang:'已发货'}}\r\n</span>","iconConfigForEnumData":{"type":"process","iconEnumMapping":{"dangerRound":"Unshipped","infoRound":"Shipped"}}},{"id":"totalPrice_c123bb96_yin6","type":"GridField","controlSource":"Farris","caption":"订单金额","binding":{"type":"Form","path":"totalPrice","field":"c123bb96-1c33-4d29-bb6a-faf065df8e3a","fullPath":"TotalPrice"},"appearance":null,"size":{"width":120},"readonly":false,"dataField":"totalPrice","dataType":"number","displayTemplate":null,"captionTemplate":null,"editor":null,"draggable":false,"frozen":"none","sortable":true,"enumData":null,"idField":"value","textField":"name","aggregate":{"type":"sum","formatter":{"precision":2,"thousand":",","prefix":"","suffix":"元","decimal":".","type":"number"}},"groupAggregate":{"type":"none","formatter":{"type":"none"}},"linkedLabelEnabled":false,"linkedLabelClick":null,"textAlign":"left","hAlign":"left","vAlign":"middle","formatter":{"type":"number","precision":2,"thousand":",","decimal":"."},"showTips":false,"tipContent":null,"multiLanguage":false,"visible":true,"enableFilter":false,"headerStyler":"","styler":"","localization":false,"allowGrouping":true,"tipMode":"auto","captionTipContent":"","captionTipStyler":"","enableBatchEdit":false}],"focusedItem":null,"focusedIndex":null,"identifyField":null,"multiSelect":false,"selectable":null,"showCheckbox":false,"showAllCheckbox":false,"checkOnSelect":false,"selectOnCheck":false,"itemTemplate":null,"toolBar":null,"summary":null,"groupable":false,"group":null,"showGroupColumn":true,"groupFormatter":null,"groupStyler":null,"groupFooter":false,"fitColumns":true,"autoFitColumns":false,"virtualized":false,"virtualizedAsyncLoad":false,"scrollYLoad":"ChangePage1","onSelectionChange":"","fieldEditable":false,"appendRow":null,"disable":false,"pageChange":"ChangePage1","pageSizeChanged":"ChangePage1","styler":"","multiSort":false,"showBorder":false,"striped":true,"showLineNumber":false,"disableRow":null,"beforeSelect":null,"beforeUnSelect":null,"beforeCheck":null,"beforeUnCheck":null,"dblClickRow":null,"showFooter":true,"footerTemplate":"","footerDataFrom":"client","footerDataCommand":null,"enableFilterRow":false,"remoteFilter":false,"showFilterBar":false,"useControlPanel":true,"autoHeight":false,"showSelectedList":false,"selectedItemFormatter":null,"lineNumberWidth":36,"enableMorePageSelect":false,"pagination":true,"lockPagination":"viewModel.stateMachine&&viewModel.stateMachine['editable']","showPageSize":false,"editable":null,"fixedColumns":[],"enableCommandColumn":false,"onEditClicked":"","onDeleteClicked":"","commandColumnWidth":120,"showCommandColumn":true,"checkedChange":null,"footerHeight":29,"filterType":"none","enableSmartFilter":false,"lineNumberTitle":"","rowClick":null,"headerWrap":false,"emptyTemplate":null,"emptyDataHeight":240,"maxHeight":300,"rowHeight":30,"enableHighlightCell":false,"enableEditCellStyle":false,"showRowGroupPanel":false,"enableDragColumn":false,"groupSummaryPosition":"groupFooterRow","clearSelectionsWhenDataIsEmpty":true,"keepSelect":true,"enableEditByCard":"none","visible":true,"showGotoInput":false,"scrollBarShowMode":"auto","showScrollArrow":false,"footerPosition":"bottom","footerStyler":null,"selectOnEditing":false,"selectionMode":"default","enableContextMenu":false,"disableGroupOnEditing":true,"enableSimpleMode":true,"enableScheme":true,"beforeEdit":null,"nowrap":true,"mergeCell":false,"remoteSort":false,"columnSorted":null,"enableHeaderGroup":false,"headerGroup":null,"AutoColumnWidthUseDblclick":true,"pagerContentTemplate":null,"expandGroupRows":true,"useBlankWhenDataIsEmpty":false,"checked":null,"unChecked":null,"checkAll":null,"unCheckAll":null,"filterChanged":null,"enableEditStateFilterSorting":false,"showConfirmWhenSchemeChanged":false,"enableSetMultiHeaders":false,"allowEmpty":true,"pageList":"10,20,30,50,100","pageSize":20}],"visible":true,"isScrollSpyItem":false,"toolbar":{"type":"SectionToolbar","position":"inHead","contents":[]}}],"visible":true,"afterViewInit":null}],"webcmds":[{"id":"70b4abd4-9f2c-4b7c-90e9-6ac6f4b74c72","path":"/projects/packages/Inspur.GS.Gsp.Web.WebCmp/webcmd","name":"ListController.webcmd","refedHandlers":[{"host":"93ee1cd2-cf0b-40b3-b99f-958a3d1fad1c","handler":"Load"},{"host":"71ae8a4c-6202-4875-9246-2e2d959da37f","handler":"Search"},{"host":"77556491-41c0-4356-8ccf-25e39817060e","handler":"Add"},{"host":"52fdcac3-46c8-466e-aa5d-19920ece2076","handler":"View"},{"host":"7ade9996-0531-4401-b1bc-fb9ec8ee3f8e","handler":"Edit"},{"host":"6d5a354f-871f-43e6-82bc-7837184380d3","handler":"RemoveRows"},{"host":"1a1b7c33-38f0-469f-a017-223086ee6259","handler":"ChangePage"},{"host":"debae2dd-3387-48cf-90ba-96e74ab5a8e5","handler":"Remove"},{"host":"92378a56-f351-40a1-a60b-5d52eeefa775","handler":"View"}],"code":"ListController","nameSpace":"Inspur.GS.Gsp.Web.WebCmp"},{"id":"54bddc89-5f7e-4b91-9c45-80dd6606cfe9","path":"igix/Web/WebCmp/bo-webcmp/metadata/webcmd/data-commands","name":"LoadCommands.webcmd","refedHandlers":[{"host":"0d36eb0a-fe86-4769-b232-b84c72dcc02f","handler":"Filter"}],"code":"LoadCommands","nameSpace":"Inspur.GS.Gsp.Web.WebCmp"},{"id":"a7cb7d01-9df1-4a32-8202-99c9d0f4c339","path":null,"name":"ApproveController.webcmd","refedHandlers":[{"host":"0d34f338-b601-4716-8530-493b0752483b","handler":"submitWithBizDefKey"},{"host":"e492063e-a22d-4f23-8aed-7fe139843220","handler":"cancelSubmitWithDataId"}],"code":"ApproveController","nameSpace":"Inspur.GS.Gsp.Web.WebApprove"}],"serviceRefs":[],"projectName":"bo-so-front","showType":"page","toolbar":{"items":{},"configs":{}},"declarations":{"events":[],"commands":[],"states":[]},"subscriptions":[],"extraImports":[],"expressions":[],"metadataId":"0b31dc9d-4f55-47fa-a918-fd1271479712","actions":[{"sourceComponent":{"id":"query-scheme-1","viewModelId":"root-viewmodel","map":[{"event":{"label":"onQuery","name":"查询事件"},"targetComponent":{"id":"root-component","viewModelId":"root-viewmodel"},"command":{"id":"0d36eb0a-fe86-4769-b232-b84c72dcc02f","label":"Filter1","name":"过滤并加载数据1","handlerName":"Filter","params":[{"name":"filter","shownName":"过滤条件","value":"{UISTATE~/#{root-component}/originalFilterConditionList}"},{"name":"sort","shownName":"排序条件","value":""}],"cmpId":"54bddc89-5f7e-4b91-9c45-80dd6606cfe9","isNewGenerated":false,"isInvalid":false},"controller":{"id":"54bddc89-5f7e-4b91-9c45-80dd6606cfe9","label":"LoadCommands","name":"数据加载相关命令"}}]}},{"sourceComponent":{"id":"button-add","viewModelId":"root-viewmodel","map":[{"event":{"label":"click","name":"点击事件"},"targetComponent":{"id":"root-component","viewModelId":"root-viewmodel"},"command":{"id":"77556491-41c0-4356-8ccf-25e39817060e","label":"Add1","name":"在新页签中新增数据","handlerName":"Add","params":[{"name":"url","shownName":"功能菜单标识","value":"fa51df80-8578-4eba-af52-4ab07c3e9d6d"},{"name":"params","shownName":"附加参数","value":"{\"action\":\"LoadAndAdd1\"}"},{"name":"enableRefresh","shownName":"支持刷新列表数据","value":""},{"name":"tabName","shownName":"标签页标题","value":""},{"name":"destructuring","shownName":"是否解构参数","value":""}],"cmpId":"70b4abd4-9f2c-4b7c-90e9-6ac6f4b74c72","isNewGenerated":false,"isInvalid":false},"controller":{"id":"70b4abd4-9f2c-4b7c-90e9-6ac6f4b74c72","label":"ListController","name":"列表控制器"}}]}},{"sourceComponent":{"id":"button-edit","viewModelId":"root-viewmodel","map":[{"event":{"label":"click","name":"点击事件"},"targetComponent":{"id":"root-component","viewModelId":"root-viewmodel"},"command":{"id":"7ade9996-0531-4401-b1bc-fb9ec8ee3f8e","label":"Edit1","name":"在新页签中编辑数据","handlerName":"Edit","params":[{"name":"url","shownName":"功能菜单标识","value":"fa51df80-8578-4eba-af52-4ab07c3e9d6d"},{"name":"params","shownName":"附加参数","value":"{\"action\":\"LoadAndEdit1\", \"id\":\"{DATA~/#{data-grid-component}/id}\"}"},{"name":"idToEdit","shownName":"待编辑数据的标识","value":"{DATA~/#{data-grid-component}/id}"},{"name":"enableRefresh","shownName":"支持刷新列表数据","value":""},{"name":"tabName","shownName":"标签页标题","value":""},{"name":"destructuring","shownName":"是否解构参数","value":""}],"cmpId":"70b4abd4-9f2c-4b7c-90e9-6ac6f4b74c72","isNewGenerated":false,"isInvalid":false},"controller":{"id":"70b4abd4-9f2c-4b7c-90e9-6ac6f4b74c72","label":"ListController","name":"列表控制器"}}]}},{"sourceComponent":{"id":"button-view","viewModelId":"root-viewmodel","map":[{"event":{"label":"click","name":"点击事件"},"targetComponent":{"id":"root-component","viewModelId":"root-viewmodel"},"command":{"id":"52fdcac3-46c8-466e-aa5d-19920ece2076","label":"View1","name":"在新页签中查看数据","handlerName":"View","params":[{"name":"url","shownName":"功能菜单标识","value":"fa51df80-8578-4eba-af52-4ab07c3e9d6d"},{"name":"params","shownName":"附加参数","value":"{\"action\":\"LoadAndView1\", \"id\":\"{DATA~/#{data-grid-component}/id}\"}"},{"name":"idToView","shownName":"待查看数据的标识","value":"{DATA~/#{data-grid-component}/id}"},{"name":"enableRefresh","shownName":"支持刷新列表数据","value":""},{"name":"tabName","shownName":"标签页标题","value":""},{"name":"destructuring","shownName":"是否解构参数","value":""}],"cmpId":"70b4abd4-9f2c-4b7c-90e9-6ac6f4b74c72","isNewGenerated":false,"isInvalid":false},"controller":{"id":"70b4abd4-9f2c-4b7c-90e9-6ac6f4b74c72","label":"ListController","name":"列表控制器"}}]}},{"sourceComponent":{"id":"button-delete","viewModelId":"root-viewmodel","map":[{"event":{"label":"click","name":"点击事件"},"targetComponent":{"id":"root-component","viewModelId":"root-viewmodel"},"command":{"id":"debae2dd-3387-48cf-90ba-96e74ab5a8e5","label":"Remove1","name":"删除当前数据","handlerName":"Remove","params":[{"name":"id","shownName":"待删除数据的标识","value":"{DATA~/#{data-grid-component}/id}"}],"cmpId":"70b4abd4-9f2c-4b7c-90e9-6ac6f4b74c72","isNewGenerated":false,"isInvalid":false},"controller":{"id":"70b4abd4-9f2c-4b7c-90e9-6ac6f4b74c72","label":"ListController","name":"列表控制器"}}]}},{"sourceComponent":{"id":"button-approve","viewModelId":"root-viewmodel","map":[{"event":{"label":"click","name":"点击事件"},"targetComponent":{"id":"root-component","viewModelId":"root-viewmodel"},"command":{"id":"0d34f338-b601-4716-8530-493b0752483b","label":"submitWithBizDefKey1","name":"提交审批","handlerName":"submitWithBizDefKey","params":[{"name":"dataId","shownName":"表单数据id","value":"{DATA~/#{data-grid-component}/id}"},{"name":"bizDefKey","shownName":"流程分类id","value":""},{"name":"action","shownName":"迁移动作（可选）","value":""}],"cmpId":"a7cb7d01-9df1-4a32-8202-99c9d0f4c339","isNewGenerated":false,"isInvalid":false},"controller":{"id":"a7cb7d01-9df1-4a32-8202-99c9d0f4c339","label":"ApproveController","name":"审批控制器"}}]}},{"sourceComponent":{"id":"button-cancel-approve","viewModelId":"root-viewmodel","map":[{"event":{"label":"click","name":"点击事件"},"targetComponent":{"id":"root-component","viewModelId":"root-viewmodel"},"command":{"id":"e492063e-a22d-4f23-8aed-7fe139843220","label":"cancelSubmitWithDataId1","name":"取消提交","handlerName":"cancelSubmitWithDataId","params":[{"name":"dataId","shownName":"表单数据id","value":"{DATA~/#{data-grid-component}/id}"},{"name":"bizDefKey","shownName":"流程分类id","value":""},{"name":"action","shownName":"迁移动作（可选）","value":""}],"cmpId":"a7cb7d01-9df1-4a32-8202-99c9d0f4c339","isNewGenerated":false,"isInvalid":false},"controller":{"id":"a7cb7d01-9df1-4a32-8202-99c9d0f4c339","label":"ApproveController","name":"审批控制器"}}]}},{"sourceComponent":{"id":"root-component","viewModelId":"root-viewmodel","map":[{"event":{"label":"onInit","name":"初始化事件"},"targetComponent":{"id":"root-component","viewModelId":"root-viewmodel"},"command":{"id":"0d36eb0a-fe86-4769-b232-b84c72dcc02f","label":"Filter1","name":"过滤并加载数据1","handlerName":"Filter","params":[{"name":"filter","shownName":"过滤条件","value":"{UISTATE~/#{root-component}/originalFilterConditionList}"},{"name":"sort","shownName":"排序条件","value":""}],"cmpId":"54bddc89-5f7e-4b91-9c45-80dd6606cfe9","isNewGenerated":false,"isInvalid":false},"controller":{"id":"54bddc89-5f7e-4b91-9c45-80dd6606cfe9","label":"LoadCommands","name":"数据加载相关命令"}}]}},{"sourceComponent":{"id":"orderCode_86945490_15in","viewModelId":"data-grid-component-viewmodel","map":[{"event":{"label":"linkedLabelClick","name":"标签超链事件"},"targetComponent":{"id":"data-grid-component","viewModelId":"data-grid-component-viewmodel"},"command":{"id":"92378a56-f351-40a1-a60b-5d52eeefa775","label":"datagridView1","name":"在新页签中查看数据1","handlerName":"View","params":[{"name":"url","shownName":"功能菜单标识","value":"fa51df80-8578-4eba-af52-4ab07c3e9d6d"},{"name":"params","shownName":"附加参数","value":"{\"action\":\"LoadAndView1\", \"id\":\"{DATA~/#{data-grid-component}/id}\"}"},{"name":"idToView","shownName":"待查看数据的标识","value":""},{"name":"enableRefresh","shownName":"支持刷新列表数据","value":false},{"name":"tabName","shownName":"标签页标题","value":""},{"name":"destructuring","shownName":"是否解构参数","value":""}],"cmpId":"70b4abd4-9f2c-4b7c-90e9-6ac6f4b74c72","isNewGenerated":false,"isInvalid":false},"controller":{"id":"70b4abd4-9f2c-4b7c-90e9-6ac6f4b74c72","label":"ListController","name":"列表控制器"}}]}},{"sourceComponent":{"id":"dataGrid","viewModelId":"data-grid-component-viewmodel","map":[{"event":{"label":"pageChange","name":"切换页码事件"},"targetComponent":{"id":"data-grid-component","viewModelId":"data-grid-component-viewmodel"},"command":{"id":"1a1b7c33-38f0-469f-a017-223086ee6259","label":"ChangePage1","name":"切换页码","handlerName":"ChangePage","params":[{"name":"loadCommandName","shownName":"切换页面后回调方法","value":"Filter1"},{"name":"loadCommandFrameId","shownName":"目标组件","value":"#{root-component}"}],"cmpId":"70b4abd4-9f2c-4b7c-90e9-6ac6f4b74c72","isNewGenerated":false,"isInvalid":false},"controller":{"id":"70b4abd4-9f2c-4b7c-90e9-6ac6f4b74c72","label":"ListController","name":"列表控制器"}},{"event":{"label":"pageSizeChanged","name":"分页条数变化事件"},"targetComponent":{"id":"data-grid-component","viewModelId":"data-grid-component-viewmodel"},"command":{"id":"1a1b7c33-38f0-469f-a017-223086ee6259","label":"ChangePage1","name":"切换页码","handlerName":"ChangePage","params":[{"name":"loadCommandName","shownName":"切换页面后回调方法","value":"Filter1"},{"name":"loadCommandFrameId","shownName":"目标组件","value":"#{root-component}"}],"cmpId":"70b4abd4-9f2c-4b7c-90e9-6ac6f4b74c72","isNewGenerated":false,"isInvalid":false},"controller":{"id":"70b4abd4-9f2c-4b7c-90e9-6ac6f4b74c72","label":"ListController","name":"列表控制器"}},{"event":{"label":"scrollYLoad","name":"滚动加载事件"},"targetComponent":{"id":"data-grid-component","viewModelId":"data-grid-component-viewmodel"},"command":{"id":"1a1b7c33-38f0-469f-a017-223086ee6259","label":"ChangePage1","name":"切换页码","handlerName":"ChangePage","params":[{"name":"loadCommandName","shownName":"切换页面后回调方法","value":"Filter1"},{"name":"loadCommandFrameId","shownName":"目标组件","value":"#{root-component}"}],"cmpId":"70b4abd4-9f2c-4b7c-90e9-6ac6f4b74c72","isNewGenerated":false,"isInvalid":false},"controller":{"id":"70b4abd4-9f2c-4b7c-90e9-6ac6f4b74c72","label":"ListController","name":"列表控制器"}}]}}]},"options":{"enableTextArea":true,"renderMode":"compile","enableDeleteSourceCode":true,"changeSetPolicy":"valid","enableServerSideChangeDetection":false}}