{"moduleName":null,"summaries":[{"symbol":{"__symbol":0,"members":[]},"metadata":{"__symbolic":"class","extends":{"__symbol":1,"members":[]},"members":{"billStatus_BillState":[{"__symbolic":"property","decorators":[{"__symbolic":"call","expression":{"__symbol":2,"members":[]},"arguments":[{"id":"billStatus.billState","name":"{{billStatus_BillState_50e3aa53_3sea}}","binding":"billStatus.billState","updateOn":"change","defaultI18nValue":"状态"}]}]}],"orderCode":[{"__symbolic":"property","decorators":[{"__symbolic":"call","expression":{"__symbol":2,"members":[]},"arguments":[{"id":"orderCode","name":"{{orderCode_86945490_15in}}","binding":"orderCode","updateOn":"blur","defaultI18nValue":"订单编号"}]}]}],"merchant_Merchant_name":[{"__symbolic":"property","decorators":[{"__symbolic":"call","expression":{"__symbol":2,"members":[]},"arguments":[{"id":"merchant.merchant_name","name":"{{merchant_Merchant_name_ca2fb712_oe0t}}","binding":"merchant.merchant_name","updateOn":"blur","defaultI18nValue":"商户"}]}]}],"orderTime":[{"__symbolic":"property","decorators":[{"__symbolic":"call","expression":{"__symbol":2,"members":[]},"arguments":[{"id":"orderTime","name":"{{orderTime_d9062349_lu54}}","binding":"orderTime","updateOn":"blur","defaultI18nValue":"下单时间"}]}]}],"payMethod":[{"__symbolic":"property","decorators":[{"__symbolic":"call","expression":{"__symbol":2,"members":[]},"arguments":[{"id":"payMethod","name":"{{payMethod_0fc73a46_ogsf}}","binding":"payMethod","updateOn":"change","defaultI18nValue":"支付方式"}]}]}],"orderPerson_OrderPerson_name":[{"__symbolic":"property","decorators":[{"__symbolic":"call","expression":{"__symbol":2,"members":[]},"arguments":[{"id":"orderPerson.orderPerson_name","name":"{{orderPerson_OrderPerson_name_46cb53b8_bfb4}}","binding":"orderPerson.orderPerson_name","updateOn":"blur","defaultI18nValue":"下单人"}]}]}],"orderState":[{"__symbolic":"property","decorators":[{"__symbolic":"call","expression":{"__symbol":2,"members":[]},"arguments":[{"id":"orderState","name":"{{orderState_cd5e1d95_x4qs}}","binding":"orderState","updateOn":"change","defaultI18nValue":"订单状态"}]}]}],"totalPrice":[{"__symbolic":"property","decorators":[{"__symbolic":"call","expression":{"__symbol":2,"members":[]},"arguments":[{"id":"totalPrice","name":"{{totalPrice_c123bb96_yin6}}","binding":"totalPrice","updateOn":"blur","defaultI18nValue":"订单金额"}]}]}]}},"type":{"summaryKind":3,"type":{"reference":{"__symbol":0,"members":[]},"diDeps":[],"lifecycleHooks":[1]}}}],"symbols":[{"__symbol":0,"name":"DataGridComponentViewmodelForm","filePath":"./datagridcomponentviewmodelform"},{"__symbol":1,"name":"Form","filePath":"@farris/devkit"},{"__symbol":2,"name":"NgFormControl","filePath":"@farris/devkit"}]}