[{"path":"/orderItems/amount","ns":"","type":"Field","expressions":[{"id":"9b7b1a84-e5cd-4400-aa88-98b34492879c_compute","type":"compute","value":"SaleOrder.orderItems.quality*SaleOrder.orderItems.price-SaleOrder.orderItems.discount","message":null,"messageType":null}]},{"path":"totalPrice","ns":"","type":"Field","expressions":[{"id":"a6bb5a5f-b7e1-47ea-a59f-02a020f090a7_compute","type":"compute","value":"DefaultFunction.SumByProp(\"SaleOrder.orderItems\",\"amount\")","message":null,"messageType":null}]},{"path":"/orderItems/discount","ns":"","type":"Field","expressions":[{"id":"92ee9f2f-7c74-4245-b312-87f65fb6ac36_compute","type":"compute","value":"DefaultFunction.SumByProp(\"SaleOrder.orderItems\",\"discount\")","message":null,"messageType":null},{"id":"92ee9f2f-7c74-4245-b312-87f65fb6ac36_validate","type":"validate","value":"if(SaleOrder.orderItems.discountType=='Dis'&&SaleOrder.orderItems.discount==0)\n{\n  return false;\n}\nelse if(SaleOrder.orderItems.discountType=='NoDis'&&SaleOrder.orderItems.discount>0)\n{\n return false;\n}\nelse\n{\n return true;\n}","message":"折扣类型为折扣时，折扣金额不能为0；折扣类型为无折扣时，折扣无需填写","messageType":null}]},{"path":"orderPerson/orderPerson_name","ns":"","type":"Field","expressions":[{"id":"2d1d302a-2633-4117-81bb-a511d7a79fa2_dependency","type":"dependency","value":"DefaultFunction.IsNullOrWhiteSpace(SO.merchant.merchant_name)","message":null,"messageType":null}]}]