{"root-component":{"name":""},"root-layout":{"name":""},"page-header":{"name":""},"header-nav":{"name":""},"header-title-container":{"name":""},"page-header-title":{"name":""},"title":{"name":"商品字典"},"page-header-toolbar":{"name":""},"button-add":{"name":"新增"},"button-edit":{"name":"编辑"},"button-save":{"name":"保存"},"button-cancel":{"name":"取消"},"button-delete":{"name":"删除"},"button-data-import":{"name":"导入"},"button-data-export":{"name":"导出"},"main-container":{"name":""},"content-splitter":{"name":""},"content-list":{"name":""},"data-grid-component-ref":{"name":""},"content-main":{"name":""},"detail-component-ref":{"name":""},"data-grid-component":{"name":""},"data-grid-section":{"name":""},"Section/data-grid-section/mainTitle":{"name":""},"Section/data-grid-section/subTitle":{"name":""},"dataGrid":{"name":""},"DataGrid/dataGrid/lineNumberTitle":{"name":""},"DataGrid/dataGrid/OperateEditButton":{"name":"编辑"},"DataGrid/dataGrid/OperateDeleteButton":{"name":"删除"},"DataGrid/dataGrid/OperateColumn":{"name":"操作"},"goodsCode_7f38293d_qgha":{"name":"商品编号"},"goodsName_28bdca83_zmdi":{"name":"商品名称"},"detail-form-component":{"name":""},"detail-form-section":{"name":""},"Section/detail-form-section/mainTitle":{"name":"基本信息"},"Section/detail-form-section/subTitle":{"name":""},"detail-form-layout":{"name":""},"goodsCode_7f38293d_5kr9":{"name":"商品编号"},"TextBox/goodsCode_7f38293d_5kr9/placeHolder":{"name":""},"goodsName_28bdca83_oc76":{"name":"商品名称"},"TextBox/goodsName_28bdca83_oc76/placeHolder":{"name":""},"specification_2d41423a_jrpw":{"name":"规格型号"},"TextBox/specification_2d41423a_jrpw/placeHolder":{"name":""},"category_e83fbfe0_a0wd":{"name":"分类名称"},"TextBox/category_e83fbfe0_a0wd/placeHolder":{"name":""},"price_c6c10ace_i5eg":{"name":"单价"},"NumberSpinner/price_c6c10ace_i5eg/placeHolder":{"name":""},"listNumber_6e39889b_qr92":{"name":"上架数量"},"NumberSpinner/listNumber_6e39889b_qr92/placeHolder":{"name":""},"remark_d0065a5e_s60p":{"name":"备注"},"TextBox/remark_d0065a5e_s60p/placeHolder":{"name":""}}