{"module":{"id":"GoodsForm","code":"GoodsForm","name":"商品字典","caption":"商品字典","type":"Module","creator":"rdl","creationDate":"2024-11-23T03:32:34.196Z","updateVersion":"191104","showTitle":true,"bootstrap":"list-card-template","templateId":"list-card-template","schemas":[{"eapiId":"b7c91f5f-f00a-4168-ae18-b192682069ea","eapiCode":"GoodsForm_frm","eapiName":"商品字典_frm","eapiNameSpace":"Inspur.GS.SCM.BData.Goods.Goods.Front","voPath":"SCM/BData/Goods/bo-goods-front/metadata/components","voNameSpace":"Inspur.GS.SCM.BData.Goods.Goods.Front","entities":[{"code":"Goods","label":"goodss","id":"ca93387a-197d-4721-b7bf-08e80dc74bbd","type":{"$type":"EntityType","entities":[],"primary":"id","fields":[{"$type":"SimpleField","multiLanguage":false,"require":true,"readonly":false,"editor":{"$type":"TextBox"},"defaultValue":"","bindingField":"id","bindingPath":"id","code":"ID","originalId":"acf2b6c0-d2d4-4118-b6a0-97645e3682d8","label":"id","id":"acf2b6c0-d2d4-4118-b6a0-97645e3682d8","type":{"$type":"StringType","displayName":"字符串","length":36,"name":"String"},"path":"ID","name":"主键"},{"$type":"SimpleField","multiLanguage":false,"require":false,"readonly":false,"editor":{"$type":"DateBox","format":"'yyyy-MM-dd'"},"defaultValue":"","bindingField":"version","bindingPath":"version","code":"Version","originalId":"08b345a4-39f9-469a-8775-ca8af9c2b890","label":"version","id":"08b345a4-39f9-469a-8775-ca8af9c2b890","type":{"$type":"DateTimeType","displayName":"日期时间","name":"DateTime"},"path":"Version","name":"版本"},{"$type":"SimpleField","multiLanguage":false,"require":false,"readonly":false,"editor":{"$type":"TextBox"},"defaultValue":"","bindingField":"goodsName","bindingPath":"goodsName","code":"GoodsName","originalId":"28bdca83-cebb-4082-877e-d9eed8a2eb1a","label":"goodsName","id":"28bdca83-cebb-4082-877e-d9eed8a2eb1a","type":{"$type":"StringType","displayName":"字符串","length":36,"name":"String"},"path":"GoodsName","name":"商品名称"},{"$type":"SimpleField","multiLanguage":false,"require":false,"readonly":false,"editor":{"$type":"TextBox"},"defaultValue":"","bindingField":"goodsCode","bindingPath":"goodsCode","code":"GoodsCode","originalId":"7f38293d-57c8-4a71-9d26-34f8cc01afae","label":"goodsCode","id":"7f38293d-57c8-4a71-9d26-34f8cc01afae","type":{"$type":"StringType","displayName":"字符串","length":36,"name":"String"},"path":"GoodsCode","name":"商品编号"},{"$type":"SimpleField","multiLanguage":false,"require":false,"readonly":false,"editor":{"$type":"TextBox"},"defaultValue":"","bindingField":"specification","bindingPath":"specification","code":"Specification","originalId":"2d41423a-5d9d-45d4-93b7-810abfd9e73f","label":"specification","id":"2d41423a-5d9d-45d4-93b7-810abfd9e73f","type":{"$type":"StringType","displayName":"字符串","length":36,"name":"String"},"path":"Specification","name":"规格型号"},{"$type":"SimpleField","multiLanguage":false,"require":false,"readonly":false,"editor":{"$type":"TextBox"},"defaultValue":"","bindingField":"category","bindingPath":"category","code":"Category","originalId":"e83fbfe0-4b6b-42f7-8efc-b68cc65a1012","label":"category","id":"e83fbfe0-4b6b-42f7-8efc-b68cc65a1012","type":{"$type":"StringType","displayName":"字符串","length":30,"name":"String"},"path":"Category","name":"分类名称"},{"$type":"SimpleField","multiLanguage":false,"require":false,"readonly":false,"editor":{"$type":"NumericBox"},"defaultValue":"","bindingField":"price","bindingPath":"price","code":"Price","originalId":"c6c10ace-e4d8-4117-a8ea-9a44c4099cc6","label":"price","id":"c6c10ace-e4d8-4117-a8ea-9a44c4099cc6","type":{"$type":"NumericType","precision":2,"displayName":"数字","length":10,"name":"Number"},"path":"Price","name":"单价"},{"$type":"SimpleField","multiLanguage":false,"require":false,"readonly":false,"editor":{"$type":"NumericBox"},"defaultValue":"","bindingField":"listNumber","bindingPath":"listNumber","code":"ListNumber","originalId":"6e39889b-08c7-47ff-8845-87b77954b9aa","label":"listNumber","id":"6e39889b-08c7-47ff-8845-87b77954b9aa","type":{"$type":"NumericType","precision":0,"displayName":"数字","length":0,"name":"Number"},"path":"ListNumber","name":"上架数量"},{"$type":"SimpleField","multiLanguage":false,"require":false,"readonly":false,"editor":{"$type":"TextBox"},"defaultValue":"","bindingField":"remark","bindingPath":"remark","code":"Remark","originalId":"d0065a5e-d8cb-4359-9e47-7a1ca6bbe421","label":"remark","id":"d0065a5e-d8cb-4359-9e47-7a1ca6bbe421","type":{"$type":"StringType","displayName":"字符串","length":100,"name":"String"},"path":"Remark","name":"备注"}],"displayName":"商品","name":"Goods"},"name":"商品"}],"sourceUri":"api/scm/bdata/v1.0/GoodsForm_frm","sourceType":"vo","variables":[],"code":"GoodsForm_frm","id":"69030c1f-b27f-40ef-a71b-152ee26e5615","extendProperties":{"enableStdTimeFormat":true},"name":"商品字典_frm"}],"states":[],"contents":[],"stateMachines":[{"id":"GoodsForm_state_machine","name":"商品字典_frm","uri":"1a15ab21-be7f-45fe-977d-9c4d7dc7669e","code":"GoodsForm_frm","nameSpace":"Inspur.GS.SCM.BData.Goods.Goods.Front"}],"viewmodels":[{"id":"root-viewmodel","code":"root-viewmodel","name":"商品","fields":[],"stateMachine":"GoodsForm_state_machine","serviceRefs":[],"commands":[{"id":"70ec6403-d11e-42a5-92b3-ce8c84f67947","code":"dataImport1","name":"数据导入1","params":[{"name":"type","shownName":"导入类型","value":"","defaultValue":null},{"name":"ruleID","shownName":"规则Id","value":"","defaultValue":null},{"name":"option","shownName":"参数配置","value":"","defaultValue":null}],"handlerName":"DataImport","cmpId":"3f40288a-d11e-4dbd-89ba-388abf931ca3","shortcut":{},"extensions":[],"isInvalid":false},{"id":"4cc18d88-b8cd-485a-bcc3-75d5ebc6f708","code":"dataExport1","name":"数据导出1","params":[{"name":"type","shownName":"导出类型","value":"","defaultValue":null},{"name":"ruleID","shownName":"规则Id","value":"","defaultValue":null},{"name":"option","shownName":"参数配置","value":"","defaultValue":null}],"handlerName":"DataExport","cmpId":"3f40288a-d11e-4dbd-89ba-388abf931ca3","shortcut":{},"extensions":[],"isInvalid":false},{"id":"1d4fc8b3-58a8-46d3-953c-8ee595a1012f","code":"listDataExport1","name":"列表导出命令1","params":[{"name":"ruleID","shownName":"规则ID","value":"","defaultValue":null},{"name":"option","shownName":"参数配置","value":"","defaultValue":null}],"handlerName":"ListDataExport","cmpId":"3f40288a-d11e-4dbd-89ba-388abf931ca3","shortcut":{},"extensions":[],"isInvalid":false}],"states":[],"bindTo":"/","enableUnifiedSession":false},{"id":"data-grid-component-viewmodel","code":"data-grid-component-viewmodel","name":"商品","fields":[{"type":"Form","id":"28bdca83-cebb-4082-877e-d9eed8a2eb1a","fieldName":"goodsName","groupId":null,"groupName":null,"updateOn":"blur"},{"type":"Form","id":"7f38293d-57c8-4a71-9d26-34f8cc01afae","fieldName":"goodsCode","groupId":null,"groupName":null,"updateOn":"blur"}],"commands":[{"id":"fda876c8-7230-46e7-af3d-d38233642275","code":"loadList1","name":"加载列表数据","params":[],"handlerName":"loadList","cmpId":"7c48ef46-339c-42d4-8365-a21236c63044","extensions":[],"isInvalid":false},{"id":"22576fc1-08fb-49a9-b132-295c7392b481","code":"remove1","name":"删除当前数据","params":[{"name":"id","shownName":"待删除数据的标识","value":"{DATA~/#{data-grid-component}/id}"}],"handlerName":"remove","cmpId":"7c48ef46-339c-42d4-8365-a21236c63044","extensions":[],"isInvalid":false},{"id":"8788c27e-722a-4b98-9d57-98eafb526fe5","code":"loadCard1","name":"加载卡片数据","params":[],"handlerName":"loadCard","cmpId":"7c48ef46-339c-42d4-8365-a21236c63044","extensions":[],"isInvalid":false},{"id":"ef281c13-4480-4256-901e-4bef5f92bd9e","code":"add1","name":"新增一条数据","params":[],"handlerName":"add","cmpId":"7c48ef46-339c-42d4-8365-a21236c63044","extensions":[],"isInvalid":false},{"id":"e7cf83c2-e52d-4dce-aded-047a819c8068","code":"changePage1","name":"切换页码","params":[{"name":"loadCommandName","shownName":"切换页面后回调方法","value":"loadList1"},{"name":"loadCommandFrameId","shownName":"目标组件","value":"#{data-grid-component}"}],"handlerName":"changePage","cmpId":"7c48ef46-339c-42d4-8365-a21236c63044","extensions":[],"isInvalid":false}],"serviceRefs":[],"states":[],"bindTo":"/","parent":"root-viewmodel","pagination":{"enable":true,"pageSize":20,"pageList":"10,20,30,50,100"},"enableValidation":false,"allowEmpty":true},{"id":"detail-form-component-viewmodel","code":"detail-form-component-viewmodel","name":"商品","fields":[{"type":"Form","id":"28bdca83-cebb-4082-877e-d9eed8a2eb1a","fieldName":"goodsName","groupId":null,"groupName":null,"updateOn":"blur"},{"type":"Form","id":"7f38293d-57c8-4a71-9d26-34f8cc01afae","fieldName":"goodsCode","groupId":null,"groupName":null,"updateOn":"blur"},{"type":"Form","id":"2d41423a-5d9d-45d4-93b7-810abfd9e73f","fieldName":"specification","groupId":null,"groupName":null,"updateOn":"blur"},{"type":"Form","id":"e83fbfe0-4b6b-42f7-8efc-b68cc65a1012","fieldName":"category","groupId":null,"groupName":null,"updateOn":"blur"},{"type":"Form","id":"c6c10ace-e4d8-4117-a8ea-9a44c4099cc6","fieldName":"price","groupId":null,"groupName":null,"updateOn":"blur"},{"type":"Form","id":"6e39889b-08c7-47ff-8845-87b77954b9aa","fieldName":"listNumber","groupId":null,"groupName":null,"updateOn":"blur"},{"type":"Form","id":"d0065a5e-d8cb-4359-9e47-7a1ca6bbe421","fieldName":"remark","groupId":null,"groupName":null,"updateOn":"blur"}],"commands":[{"id":"d12acc4e-6274-44dc-95e6-cedeb5e66707","code":"edit1","name":"编辑数据","params":[{"name":"id","shownName":"待编辑数据的标识","value":"{DATA~/#{detail-form-component}/id}"},{"name":"transitionAction","shownName":"状态机动作","value":"Edit"}],"handlerName":"edit","cmpId":"7c48ef46-339c-42d4-8365-a21236c63044","extensions":[],"isInvalid":false},{"id":"5707d460-c441-45c4-8fe1-f77abd9f75b1","code":"save1","name":"保存变更","params":[],"handlerName":"save","cmpId":"7c48ef46-339c-42d4-8365-a21236c63044","extensions":[],"isInvalid":false},{"id":"b3897b4b-a37f-48e3-afb3-8489cec02806","code":"cancel1","name":"取消变更","params":[],"handlerName":"cancel","cmpId":"7c48ef46-339c-42d4-8365-a21236c63044","extensions":[],"isInvalid":false}],"serviceRefs":[],"states":[],"bindTo":"/","parent":"root-viewmodel","enableValidation":true}],"components":[{"id":"root-component","type":"Component","componentType":"Frame","viewModel":"root-viewmodel","onInit":"","contents":[{"id":"root-layout","type":"ContentContainer","appearance":{"class":"f-page f-page-navigate f-page-is-grid-card"},"size":null,"contents":[{"id":"page-header","type":"ContentContainer","appearance":{"class":"f-page-header"},"size":null,"contents":[{"id":"header-nav","type":"ContentContainer","appearance":{"class":"f-page-header-base"},"size":null,"contents":[{"id":"header-title-container","type":"ContentContainer","appearance":{"class":"f-title"},"size":null,"contents":[{"id":"page-header-title","type":"HtmlTemplate","html":"<span class=\"f-title-icon f-text-orna-dict\"><i class=\"f-icon f-icon-page-title-dictionary\"></i></span><h4 class=\"f-title-text\">{{'title'|lang:lang:'商品字典'}}</h4>"}],"visible":true,"isScrollspyContainer":false,"isLikeCardContainer":false},{"id":"page-header-toolbar","type":"ToolBar","appearance":{"class":"col-7 f-toolbar"},"size":null,"items":[{"id":"button-add","type":"ToolBarItem","appearance":{"class":"btn-primary"},"disable":"!viewModel.stateMachine['canAdd']","text":"新增","visible":true,"click":"root-viewmodel.data-grid-component-viewmodel.add1","items":[],"usageMode":"button","modalConfig":null},{"id":"button-edit","type":"ToolBarItem","appearance":null,"disable":"!viewModel.stateMachine['canEdit']","text":"编辑","visible":true,"click":"root-viewmodel.detail-form-component-viewmodel.edit1","items":[],"usageMode":"button","modalConfig":null},{"id":"button-save","type":"ToolBarItem","appearance":null,"disable":"!viewModel.stateMachine['canSave']","text":"保存","visible":true,"click":"root-viewmodel.detail-form-component-viewmodel.save1","items":[],"usageMode":"button","modalConfig":null},{"id":"button-cancel","type":"ToolBarItem","appearance":null,"disable":"!viewModel.stateMachine['canCancel']","text":"取消","visible":true,"click":"root-viewmodel.detail-form-component-viewmodel.cancel1","items":[],"usageMode":"button","modalConfig":null},{"id":"button-delete","type":"ToolBarItem","appearance":null,"disable":"!viewModel.stateMachine['canRemove']","text":"删除","visible":true,"click":"root-viewmodel.data-grid-component-viewmodel.remove1","items":[],"usageMode":"button","modalConfig":null},{"id":"button-data-import","type":"ToolBarItem","appearance":null,"disable":false,"text":"导入","visible":true,"click":"dataImport1","items":[],"usageMode":"button","modalConfig":null},{"id":"button-data-export","type":"ToolBarItem","appearance":null,"disable":false,"text":"导出","visible":true,"click":"listDataExport1","items":[],"usageMode":"button","modalConfig":null}],"visible":true,"buttonSize":"default","popDirection":"default"}],"visible":true,"isScrollspyContainer":false,"isLikeCardContainer":false}],"visible":true,"isScrollspyContainer":false,"isLikeCardContainer":false},{"id":"main-container","type":"ContentContainer","appearance":{"class":"f-page-main"},"size":null,"contents":[{"id":"content-splitter","type":"Splitter","appearance":{"class":"f-page-content"},"size":null,"contents":[{"id":"content-list","type":"SplitterPane","appearance":{"class":"f-col-w6 f-page-content-nav"},"size":null,"resizable":true,"resizeHandlers":"e","contents":[{"id":"data-grid-component-ref","type":"ComponentRef","component":"data-grid-component","visible":true}],"visible":true},{"id":"content-main","type":"SplitterPane","appearance":{"class":"f-page-content-main"},"size":null,"contents":[{"id":"detail-component-ref","type":"ComponentRef","component":"detail-form-component","visible":true}],"visible":true,"resizable":false,"resizeHandlers":""}],"visible":true,"orientation":"horizontal"}],"visible":true,"isScrollspyContainer":false,"isLikeCardContainer":false}],"visible":true,"isScrollspyContainer":false,"isLikeCardContainer":false}],"appearance":{"class":"","style":""},"visible":true,"afterViewInit":null},{"id":"data-grid-component","type":"Component","componentType":"dataGrid","viewModel":"data-grid-component-viewmodel","appearance":{"class":"f-struct-wrapper  f-utils-fill-flex-column"},"onInit":"loadList1","contents":[{"id":"data-grid-section","type":"Section","appearance":{"class":"f-section-grid f-section-in-nav"},"size":null,"visible":true,"mainTitle":"","subTitle":"","headerClass":"","titleClass":"","extendedHeaderAreaClass":"","toolbarClass":"","extendedAreaClass":"","contentTemplateClass":"","fill":false,"expanded":true,"enableMaximize":true,"enableAccordion":true,"accordionMode":"default","showHeader":false,"headerTemplate":"","titleTemplate":"","extendedHeaderAreaTemplate":"","toolbarTemplate":"","extendedAreaTemplate":"","contents":[{"id":"dataGrid","type":"DataGrid","controlSource":"Farris","appearance":{"class":"f-component-grid"},"size":null,"dataSource":"goodss","fields":[{"id":"goodsCode_7f38293d_qgha","type":"GridField","controlSource":"Farris","caption":"商品编号","captionTemplate":null,"dataField":"goodsCode","dataType":"string","binding":{"type":"Form","path":"goodsCode","field":"7f38293d-57c8-4a71-9d26-34f8cc01afae","fullPath":"GoodsCode"},"enumData":null,"appearance":null,"size":{"width":120},"displayTemplate":null,"editor":null,"draggable":false,"frozen":"none","sortable":true,"sortOrder":null,"resizeable":true,"aggregate":{"type":"none","formatter":{"type":"none"}},"groupAggregate":{"type":"none","formatter":{"type":"none"}},"styler":"","colTemplate":"","linkedLabelEnabled":false,"linkedLabelClick":null,"textAlign":"left","hAlign":"left","vAlign":"middle","formatter":{"type":"none"},"showTips":false,"tipContent":null,"multiLanguage":false,"enableFilter":false,"headerStyler":"","localization":false,"idField":"value","textField":"name","readonly":false,"visible":true,"allowGrouping":true,"tipMode":"auto","captionTipContent":"","captionTipStyler":"","enableBatchEdit":false,"localizationType":"Date"},{"id":"goodsName_28bdca83_zmdi","type":"GridField","controlSource":"Farris","caption":"商品名称","captionTemplate":null,"dataField":"goodsName","dataType":"string","binding":{"type":"Form","path":"goodsName","field":"28bdca83-cebb-4082-877e-d9eed8a2eb1a","fullPath":"GoodsName"},"enumData":null,"appearance":null,"size":{"width":120},"displayTemplate":null,"editor":null,"draggable":false,"frozen":"none","sortable":true,"sortOrder":null,"resizeable":true,"aggregate":{"type":"none","formatter":{"type":"none"}},"groupAggregate":{"type":"none","formatter":{"type":"none"}},"styler":"","colTemplate":"","linkedLabelEnabled":false,"linkedLabelClick":null,"textAlign":"left","hAlign":"left","vAlign":"middle","formatter":{"type":"none"},"showTips":false,"tipContent":null,"multiLanguage":false,"enableFilter":false,"headerStyler":"","localization":false,"idField":"value","textField":"name","readonly":false,"visible":true,"allowGrouping":true,"tipMode":"auto","captionTipContent":"","captionTipStyler":"","enableBatchEdit":false,"localizationType":"Date"}],"focusedItem":null,"focusedIndex":null,"identifyField":null,"multiSelect":false,"selectable":null,"showCheckbox":false,"showAllCheckbox":false,"checkOnSelect":false,"selectOnCheck":false,"itemTemplate":null,"toolBar":null,"summary":null,"groupable":false,"group":null,"showGroupColumn":true,"groupFormatter":null,"groupStyler":null,"groupFooter":false,"onSelectionChange":"loadCard1","fieldEditable":false,"appendRow":null,"disable":"viewModel.stateMachine['editable']","pageChange":"changePage1","pageSizeChanged":"changePage1","fitColumns":true,"autoFitColumns":false,"styler":"","multiSort":false,"showBorder":false,"striped":true,"showLineNumber":false,"disableRow":null,"beforeSelect":null,"beforeUnSelect":null,"beforeCheck":null,"beforeUnCheck":null,"dblClickRow":null,"showFooter":false,"footerTemplate":"","footerDataFrom":"client","footerDataCommand":null,"enableFilterRow":false,"remoteFilter":false,"showFilterBar":false,"useControlPanel":false,"autoHeight":false,"showSelectedList":false,"selectedItemFormatter":null,"lineNumberWidth":36,"enableMorePageSelect":false,"pagination":true,"lockPagination":"viewModel.stateMachine&&viewModel.stateMachine['editable']","showPageSize":false,"editable":null,"fixedColumns":[],"enableCommandColumn":false,"onEditClicked":"","onDeleteClicked":"","commandColumnWidth":120,"showCommandColumn":true,"checkedChange":null,"footerHeight":29,"filterType":"none","enableSmartFilter":false,"lineNumberTitle":"","rowClick":null,"headerWrap":false,"emptyTemplate":null,"emptyDataHeight":240,"maxHeight":300,"rowHeight":30,"enableHighlightCell":false,"enableEditCellStyle":false,"showRowGroupPanel":false,"enableDragColumn":false,"groupSummaryPosition":"groupFooterRow","clearSelectionsWhenDataIsEmpty":true,"keepSelect":true,"enableEditByCard":"none","visible":true,"showGotoInput":false,"scrollBarShowMode":"auto","showScrollArrow":false,"footerPosition":"bottom","footerStyler":null,"selectOnEditing":false,"selectionMode":"default","enableContextMenu":false,"disableGroupOnEditing":true,"enableSimpleMode":false,"enableScheme":false,"beforeEdit":null,"nowrap":true,"mergeCell":false,"remoteSort":false,"columnSorted":null,"enableHeaderGroup":false,"headerGroup":null,"AutoColumnWidthUseDblclick":true,"virtualized":false,"virtualizedAsyncLoad":false,"scrollYLoad":null,"pagerContentTemplate":null,"expandGroupRows":true,"useBlankWhenDataIsEmpty":false,"checked":null,"unChecked":null,"checkAll":null,"unCheckAll":null,"filterChanged":null,"enableEditStateFilterSorting":false,"showConfirmWhenSchemeChanged":false,"enableSetMultiHeaders":false,"allowEmpty":true,"pageList":"10,20,30,50,100","pageSize":20}],"isScrollSpyItem":false,"toolbar":{"type":"SectionToolbar","position":"inHead","contents":[]}}],"visible":true,"afterViewInit":null},{"id":"detail-form-component","type":"Component","componentType":"form-col-1","viewModel":"detail-form-component-viewmodel","onInit":"","appearance":{"class":"f-struct-wrapper"},"contents":[{"id":"detail-form-section","type":"Section","appearance":{"class":"f-section-form f-section-in-main"},"visible":true,"mainTitle":"基本信息","subTitle":"","headerClass":"","titleClass":"","extendedHeaderAreaClass":"","toolbarClass":"","extendedAreaClass":"","contentTemplateClass":"","fill":false,"expanded":true,"enableMaximize":false,"enableAccordion":false,"accordionMode":"default","showHeader":true,"headerTemplate":"","titleTemplate":"","extendedHeaderAreaTemplate":"","toolbarTemplate":"","extendedAreaTemplate":"","contents":[{"id":"detail-form-layout","type":"Form","appearance":{"class":"f-form-layout farris-form farris-form-controls-inline"},"size":null,"contents":[{"id":"goodsCode_7f38293d_5kr9","type":"TextBox","titleSourceType":"static","title":"商品编号","appearance":{"class":"col-12"},"size":null,"binding":{"type":"Form","path":"goodsCode","field":"7f38293d-57c8-4a71-9d26-34f8cc01afae","fullPath":"GoodsCode"},"readonly":"!viewModel.stateMachine['editable']","require":false,"disable":false,"placeHolder":"","format":null,"validation":null,"value":null,"maxLength":36,"linkedLabelEnabled":false,"linkedLabelClick":null,"visible":true,"holdPlace":false,"isTextArea":true,"isPassword":false,"tabindex":-1,"hasDefaultFocus":false,"focusState":null,"titleWidth":null,"enableTips":true,"path":"goodsCode","enableAppend":false,"inputAppendType":"button","inputAppendDisabled":false,"formatValidation":{"type":"none","expression":"","message":""},"autoHeight":false,"maxHeight":500},{"id":"goodsName_28bdca83_oc76","type":"TextBox","titleSourceType":"static","title":"商品名称","appearance":{"class":"col-12"},"size":null,"binding":{"type":"Form","path":"goodsName","field":"28bdca83-cebb-4082-877e-d9eed8a2eb1a","fullPath":"GoodsName"},"readonly":"!viewModel.stateMachine['editable']","require":false,"disable":false,"placeHolder":"","format":null,"validation":null,"value":null,"maxLength":36,"linkedLabelEnabled":false,"linkedLabelClick":null,"visible":true,"holdPlace":false,"isTextArea":true,"isPassword":false,"tabindex":-1,"hasDefaultFocus":false,"focusState":null,"titleWidth":null,"enableTips":true,"path":"goodsName","enableAppend":false,"inputAppendType":"button","inputAppendDisabled":false,"formatValidation":{"type":"none","expression":"","message":""},"autoHeight":false,"maxHeight":500},{"id":"specification_2d41423a_jrpw","type":"TextBox","titleSourceType":"static","title":"规格型号","appearance":{"class":"col-12"},"size":null,"binding":{"type":"Form","path":"specification","field":"2d41423a-5d9d-45d4-93b7-810abfd9e73f","fullPath":"Specification"},"readonly":"!viewModel.stateMachine['editable']","require":false,"disable":false,"placeHolder":"","format":null,"validation":null,"value":null,"maxLength":36,"linkedLabelEnabled":false,"linkedLabelClick":null,"visible":true,"holdPlace":false,"isTextArea":true,"isPassword":false,"tabindex":-1,"hasDefaultFocus":false,"focusState":null,"titleWidth":null,"enableTips":true,"path":"specification","enableAppend":false,"inputAppendType":"button","inputAppendDisabled":false,"formatValidation":{"type":"none","expression":"","message":""},"autoHeight":false,"maxHeight":500},{"id":"category_e83fbfe0_a0wd","type":"TextBox","titleSourceType":"static","title":"分类名称","appearance":{"class":"col-12"},"size":null,"binding":{"type":"Form","path":"category","field":"e83fbfe0-4b6b-42f7-8efc-b68cc65a1012","fullPath":"Category"},"readonly":"!viewModel.stateMachine['editable']","require":false,"disable":false,"placeHolder":"","format":null,"validation":null,"value":null,"maxLength":30,"linkedLabelEnabled":false,"linkedLabelClick":null,"visible":true,"holdPlace":false,"isTextArea":true,"isPassword":false,"tabindex":-1,"hasDefaultFocus":false,"focusState":null,"titleWidth":null,"enableTips":true,"path":"category","enableAppend":false,"inputAppendType":"button","inputAppendDisabled":false,"formatValidation":{"type":"none","expression":"","message":""},"autoHeight":false,"maxHeight":500},{"id":"price_c6c10ace_i5eg","type":"NumericBox","titleSourceType":"static","title":"单价","controlSource":"Farris","appearance":{"class":"col-12"},"size":null,"binding":{"type":"Form","path":"price","field":"c6c10ace-e4d8-4117-a8ea-9a44c4099cc6","fullPath":"Price"},"readonly":"!viewModel.stateMachine['editable']","require":false,"disable":false,"placeHolder":"","textAlign":"left","precisionSourceType":"static","precision":2,"validation":null,"maxValue":null,"minValue":null,"step":1,"useThousands":true,"formatter":null,"parser":null,"canNull":true,"bigNumber":false,"maxLength":10,"holdPlace":false,"linkedLabelEnabled":false,"linkedLabelClick":null,"visible":true,"isTextArea":true,"tabindex":-1,"hasDefaultFocus":false,"focusState":null,"titleWidth":null,"showZero":true,"showButton":true,"path":"price","localization":false,"enableAppend":false,"inputAppendType":"button","inputAppendDisabled":false,"autoHeight":false,"maxHeight":500},{"id":"listNumber_6e39889b_qr92","type":"NumericBox","titleSourceType":"static","title":"上架数量","controlSource":"Farris","appearance":{"class":"col-12"},"size":null,"binding":{"type":"Form","path":"listNumber","field":"6e39889b-08c7-47ff-8845-87b77954b9aa","fullPath":"ListNumber"},"readonly":"!viewModel.stateMachine['editable']","require":false,"disable":false,"placeHolder":"","textAlign":"left","precisionSourceType":"static","precision":0,"validation":null,"maxValue":null,"minValue":null,"step":1,"useThousands":true,"formatter":null,"parser":null,"canNull":true,"bigNumber":false,"maxLength":0,"holdPlace":false,"linkedLabelEnabled":false,"linkedLabelClick":null,"visible":true,"isTextArea":true,"tabindex":-1,"hasDefaultFocus":false,"focusState":null,"titleWidth":null,"showZero":true,"showButton":true,"path":"listNumber","localization":false,"enableAppend":false,"inputAppendType":"button","inputAppendDisabled":false,"autoHeight":false,"maxHeight":500},{"id":"remark_d0065a5e_s60p","type":"TextBox","titleSourceType":"static","title":"备注","appearance":{"class":"col-12"},"size":null,"binding":{"type":"Form","path":"remark","field":"d0065a5e-d8cb-4359-9e47-7a1ca6bbe421","fullPath":"Remark"},"readonly":"!viewModel.stateMachine['editable']","require":false,"disable":false,"placeHolder":"","format":null,"validation":null,"value":null,"maxLength":100,"linkedLabelEnabled":false,"linkedLabelClick":null,"visible":true,"holdPlace":false,"isTextArea":true,"isPassword":false,"tabindex":-1,"hasDefaultFocus":false,"focusState":null,"titleWidth":null,"enableTips":true,"path":"remark","enableAppend":false,"inputAppendType":"button","inputAppendDisabled":false,"formatValidation":{"type":"none","expression":"","message":""},"autoHeight":false,"maxHeight":500}],"controlsInline":true,"formAutoIntl":true,"visible":true,"labelAutoOverflow":false}],"isScrollSpyItem":false,"toolbar":{"type":"SectionToolbar","position":"inHead","contents":[]}}],"visible":true,"afterViewInit":null}],"webcmds":[{"id":"7c48ef46-339c-42d4-8365-a21236c63044","path":"/projects/packages/Inspur.GS.Gsp.Web.WebCmp/webcmd","name":"ListCardController.webcmd","refedHandlers":[{"host":"fda876c8-7230-46e7-af3d-d38233642275","handler":"loadList"},{"host":"8788c27e-722a-4b98-9d57-98eafb526fe5","handler":"loadCard"},{"host":"ef281c13-4480-4256-901e-4bef5f92bd9e","handler":"add"},{"host":"d12acc4e-6274-44dc-95e6-cedeb5e66707","handler":"edit"},{"host":"5707d460-c441-45c4-8fe1-f77abd9f75b1","handler":"save"},{"host":"b3897b4b-a37f-48e3-afb3-8489cec02806","handler":"cancel"},{"host":"22576fc1-08fb-49a9-b132-295c7392b481","handler":"remove"},{"host":"e7cf83c2-e52d-4dce-aded-047a819c8068","handler":"changePage"}],"code":"ListCardController","nameSpace":"Inspur.GS.Gsp.Web.WebCmp"},{"id":"3f40288a-d11e-4dbd-89ba-388abf931ca3","path":null,"name":"DataImportExportCommand.webcmd","refedHandlers":[{"host":"70ec6403-d11e-42a5-92b3-ce8c84f67947","handler":"DataImport"},{"host":"4cc18d88-b8cd-485a-bcc3-75d5ebc6f708","handler":"DataExport"},{"host":"1d4fc8b3-58a8-46d3-953c-8ee595a1012f","handler":"ListDataExport"}],"code":"DataImportExportCommand","nameSpace":"Inspur.GS.Gsp.Common.DataIE"}],"serviceRefs":[],"projectName":"bo-goods-front","showType":"page","toolbar":{"items":{},"configs":{}},"declarations":{"events":[],"commands":[],"states":[]},"subscriptions":[],"extraImports":[],"expressions":[],"metadataId":"1a695a80-ff99-4a4b-9196-0ebf1a662c43","actions":[{"sourceComponent":{"id":"button-add","viewModelId":"data-grid-component-viewmodel","map":[{"event":{"label":"click","name":"点击事件"},"targetComponent":{"id":"data-grid-component","viewModelId":"data-grid-component-viewmodel"},"command":{"id":"ef281c13-4480-4256-901e-4bef5f92bd9e","label":"add1","name":"新增一条数据","handlerName":"add","params":[],"cmpId":"7c48ef46-339c-42d4-8365-a21236c63044","isNewGenerated":false,"isInvalid":false},"controller":{"id":"7c48ef46-339c-42d4-8365-a21236c63044","label":"ListCardController","name":"列卡控制器"}}]}},{"sourceComponent":{"id":"button-edit","viewModelId":"detail-form-component-viewmodel","map":[{"event":{"label":"click","name":"点击事件"},"targetComponent":{"id":"detail-form-component","viewModelId":"detail-form-component-viewmodel"},"command":{"id":"d12acc4e-6274-44dc-95e6-cedeb5e66707","label":"edit1","name":"编辑数据","handlerName":"edit","params":[{"name":"id","shownName":"待编辑数据的标识","value":"{DATA~/#{detail-form-component}/id}"},{"name":"transitionAction","shownName":"状态机动作","value":"Edit"}],"cmpId":"7c48ef46-339c-42d4-8365-a21236c63044","isNewGenerated":false,"isInvalid":false},"controller":{"id":"7c48ef46-339c-42d4-8365-a21236c63044","label":"ListCardController","name":"列卡控制器"}}]}},{"sourceComponent":{"id":"button-save","viewModelId":"detail-form-component-viewmodel","map":[{"event":{"label":"click","name":"点击事件"},"targetComponent":{"id":"detail-form-component","viewModelId":"detail-form-component-viewmodel"},"command":{"id":"5707d460-c441-45c4-8fe1-f77abd9f75b1","label":"save1","name":"保存变更","handlerName":"save","params":[],"cmpId":"7c48ef46-339c-42d4-8365-a21236c63044","isNewGenerated":false,"isInvalid":false},"controller":{"id":"7c48ef46-339c-42d4-8365-a21236c63044","label":"ListCardController","name":"列卡控制器"}}]}},{"sourceComponent":{"id":"button-cancel","viewModelId":"detail-form-component-viewmodel","map":[{"event":{"label":"click","name":"点击事件"},"targetComponent":{"id":"detail-form-component","viewModelId":"detail-form-component-viewmodel"},"command":{"id":"b3897b4b-a37f-48e3-afb3-8489cec02806","label":"cancel1","name":"取消变更","handlerName":"cancel","params":[],"cmpId":"7c48ef46-339c-42d4-8365-a21236c63044","isNewGenerated":false,"isInvalid":false},"controller":{"id":"7c48ef46-339c-42d4-8365-a21236c63044","label":"ListCardController","name":"列卡控制器"}}]}},{"sourceComponent":{"id":"button-delete","viewModelId":"data-grid-component-viewmodel","map":[{"event":{"label":"click","name":"点击事件"},"targetComponent":{"id":"data-grid-component","viewModelId":"data-grid-component-viewmodel"},"command":{"id":"22576fc1-08fb-49a9-b132-295c7392b481","label":"remove1","name":"删除当前数据","handlerName":"remove","params":[{"name":"id","shownName":"待删除数据的标识","value":"{DATA~/#{data-grid-component}/id}"}],"cmpId":"7c48ef46-339c-42d4-8365-a21236c63044","isNewGenerated":false,"isInvalid":false},"controller":{"id":"7c48ef46-339c-42d4-8365-a21236c63044","label":"ListCardController","name":"列卡控制器"}}]}},{"sourceComponent":{"id":"button-data-import","viewModelId":"root-viewmodel","map":[{"event":{"label":"click","name":"点击事件"},"targetComponent":{"id":"root-component","viewModelId":"root-viewmodel"},"command":{"id":"70ec6403-d11e-42a5-92b3-ce8c84f67947","label":"dataImport1","name":"数据导入1","handlerName":"DataImport","params":[{"name":"type","shownName":"导入类型","value":"","defaultValue":null},{"name":"ruleID","shownName":"规则Id","value":"","defaultValue":null},{"name":"option","shownName":"参数配置","value":"","defaultValue":null}],"cmpId":"3f40288a-d11e-4dbd-89ba-388abf931ca3","isNewGenerated":false,"isInvalid":false},"controller":{"id":"3f40288a-d11e-4dbd-89ba-388abf931ca3","label":"DataImportExportCommand","name":"导入导出通用命令构件"}}]}},{"sourceComponent":{"id":"button-data-export","viewModelId":"root-viewmodel","map":[{"event":{"label":"click","name":"点击事件"},"targetComponent":{"id":"root-component","viewModelId":"root-viewmodel"},"command":{"id":"1d4fc8b3-58a8-46d3-953c-8ee595a1012f","label":"listDataExport1","name":"列表导出命令1","handlerName":"ListDataExport","params":[{"name":"ruleID","shownName":"规则ID","value":"","defaultValue":null},{"name":"option","shownName":"参数配置","value":"","defaultValue":null}],"cmpId":"3f40288a-d11e-4dbd-89ba-388abf931ca3","isNewGenerated":false,"isInvalid":false},"controller":{"id":"3f40288a-d11e-4dbd-89ba-388abf931ca3","label":"DataImportExportCommand","name":"导入导出通用命令构件"}}]}},{"sourceComponent":{"id":"dataGrid","viewModelId":"data-grid-component-viewmodel","map":[{"event":{"label":"onSelectionChange","name":"行切换事件"},"targetComponent":{"id":"data-grid-component","viewModelId":"data-grid-component-viewmodel"},"command":{"id":"8788c27e-722a-4b98-9d57-98eafb526fe5","label":"loadCard1","name":"加载卡片数据","handlerName":"loadCard","params":[],"cmpId":"7c48ef46-339c-42d4-8365-a21236c63044","isNewGenerated":false,"isInvalid":false},"controller":{"id":"7c48ef46-339c-42d4-8365-a21236c63044","label":"ListCardController","name":"列卡控制器"}},{"event":{"label":"pageChange","name":"切换页码事件"},"targetComponent":{"id":"data-grid-component","viewModelId":"data-grid-component-viewmodel"},"command":{"id":"e7cf83c2-e52d-4dce-aded-047a819c8068","label":"changePage1","name":"切换页码","handlerName":"changePage","params":[{"name":"loadCommandName","shownName":"切换页面后回调方法","value":"loadList1"},{"name":"loadCommandFrameId","shownName":"目标组件","value":"#{data-grid-component}"}],"cmpId":"7c48ef46-339c-42d4-8365-a21236c63044","isNewGenerated":false,"isInvalid":false},"controller":{"id":"7c48ef46-339c-42d4-8365-a21236c63044","label":"ListCardController","name":"列卡控制器"}},{"event":{"label":"pageSizeChanged","name":"分页条数变化事件"},"targetComponent":{"id":"data-grid-component","viewModelId":"data-grid-component-viewmodel"},"command":{"id":"e7cf83c2-e52d-4dce-aded-047a819c8068","label":"changePage1","name":"切换页码","handlerName":"changePage","params":[{"name":"loadCommandName","shownName":"切换页面后回调方法","value":"loadList1"},{"name":"loadCommandFrameId","shownName":"目标组件","value":"#{data-grid-component}"}],"cmpId":"7c48ef46-339c-42d4-8365-a21236c63044","isNewGenerated":false,"isInvalid":false},"controller":{"id":"7c48ef46-339c-42d4-8365-a21236c63044","label":"ListCardController","name":"列卡控制器"}}]}},{"sourceComponent":{"id":"data-grid-component","viewModelId":"data-grid-component-viewmodel","map":[{"event":{"label":"onInit","name":"初始化事件"},"targetComponent":{"id":"data-grid-component","viewModelId":"data-grid-component-viewmodel"},"command":{"id":"fda876c8-7230-46e7-af3d-d38233642275","label":"loadList1","name":"加载列表数据","handlerName":"loadList","params":[],"cmpId":"7c48ef46-339c-42d4-8365-a21236c63044","isNewGenerated":false,"isInvalid":false},"controller":{"id":"7c48ef46-339c-42d4-8365-a21236c63044","label":"ListCardController","name":"列卡控制器"}}]}}]},"options":{"enableTextArea":true,"renderMode":"compile","enableDeleteSourceCode":true,"changeSetPolicy":"valid","enableServerSideChangeDetection":true}}