{"moduleName":null,"summaries":[{"symbol":{"__symbol":0,"members":[]},"metadata":{"__symbolic":"class","extends":{"__symbol":1,"members":[]},"members":{"goods":[{"__symbolic":"property","decorators":[{"__symbolic":"call","expression":{"__symbol":2,"members":[]},"arguments":[{"originalDataField":"Goods","dataField":"goods","primary":true,"originalDataFieldType":"String","initValue":"","path":"Goods.Goods","validRules":[{"type":"maxLength","constraints":[36],"message":"最大长度为36"}]}]}]}],"goods_GoodsName":[{"__symbolic":"property","decorators":[{"__symbolic":"call","expression":{"__symbol":2,"members":[]},"arguments":[{"originalDataField":"GoodsName","dataField":"goods_GoodsName","originalDataFieldType":"String","initValue":"","path":"Goods.Goods_GoodsName","validRules":[{"type":"maxLength","constraints":[36],"message":"最大长度为36"}]}]}]}],"goods_Specification":[{"__symbolic":"property","decorators":[{"__symbolic":"call","expression":{"__symbol":2,"members":[]},"arguments":[{"originalDataField":"Specification","dataField":"goods_Specification","originalDataFieldType":"String","initValue":"","path":"Goods.Goods_Specification","validRules":[{"type":"maxLength","constraints":[36],"message":"最大长度为36"}]}]}]}],"goods_Price":[{"__symbolic":"property","decorators":[{"__symbolic":"call","expression":{"__symbol":2,"members":[]},"arguments":[{"originalDataField":"Price","dataField":"goods_Price","originalDataFieldType":"Number","initValue":0,"path":"Goods.Goods_Price"}]}]}],"goods_GoodsCode":[{"__symbolic":"property","decorators":[{"__symbolic":"call","expression":{"__symbol":2,"members":[]},"arguments":[{"originalDataField":"GoodsCode","dataField":"goods_GoodsCode","originalDataFieldType":"String","initValue":"","path":"Goods.Goods_GoodsCode","validRules":[{"type":"maxLength","constraints":[36],"message":"最大长度为36"}]}]}]}]}}}],"symbols":[{"__symbol":0,"name":"Goods4842Entity","filePath":"./goods4842entity"},{"__symbol":1,"name":"Entity","filePath":"@farris/devkit"},{"__symbol":2,"name":"NgField","filePath":"@farris/devkit"}]}