{"moduleName":null,"summaries":[{"symbol":{"__symbol":0,"members":[]},"metadata":{"__symbolic":"class","extends":{"__symbol":1,"members":[]},"members":{"id":[{"__symbolic":"property","decorators":[{"__symbolic":"call","expression":{"__symbol":2,"members":[]},"arguments":[{"originalDataField":"ID","dataField":"id","primary":true,"originalDataFieldType":"String","initValue":"","path":"ID","validRules":[{"type":"required","constraints":[true]},{"type":"maxLength","constraints":[36],"message":"最大长度为36"}]}]}]}],"parentID":[{"__symbolic":"property","decorators":[{"__symbolic":"call","expression":{"__symbol":2,"members":[]},"arguments":[{"originalDataField":"ParentID","dataField":"parentID","originalDataFieldType":"String","initValue":"","path":"ParentID","validRules":[{"type":"required","constraints":[true]},{"type":"maxLength","constraints":[36],"message":"最大长度为36"}]}]}]}],"specification":[{"__symbolic":"property","decorators":[{"__symbolic":"call","expression":{"__symbol":2,"members":[]},"arguments":[{"originalDataField":"Specification","dataField":"specification","originalDataFieldType":"String","initValue":"","path":"Specification","validRules":[{"type":"maxLength","constraints":[36],"message":"最大长度为36"}]}]}]}],"quality":[{"__symbolic":"property","decorators":[{"__symbolic":"call","expression":{"__symbol":2,"members":[]},"arguments":[{"originalDataField":"Quality","dataField":"quality","originalDataFieldType":"Number","initValue":0,"path":"Quality"}]}]}],"price":[{"__symbolic":"property","decorators":[{"__symbolic":"call","expression":{"__symbol":2,"members":[]},"arguments":[{"originalDataField":"Price","dataField":"price","originalDataFieldType":"Number","initValue":0,"path":"Price"}]}]}],"actualPrice":[{"__symbolic":"property","decorators":[{"__symbolic":"call","expression":{"__symbol":2,"members":[]},"arguments":[{"originalDataField":"ActualPrice","dataField":"actualPrice","originalDataFieldType":"Number","initValue":0,"path":"ActualPrice"}]}]}],"discountType":[{"__symbolic":"property","decorators":[{"__symbolic":"call","expression":{"__symbol":2,"members":[]},"arguments":[{"originalDataField":"DiscountType","dataField":"discountType","originalDataFieldType":"Enum","defaultValue":"","initValue":"Dis","path":"DiscountType"}]}]}],"discount":[{"__symbolic":"property","decorators":[{"__symbolic":"call","expression":{"__symbol":2,"members":[]},"arguments":[{"originalDataField":"Discount","dataField":"discount","originalDataFieldType":"String","initValue":"","path":"Discount","validRules":[{"type":"maxLength","constraints":[10],"message":"最大长度为10"}]}]}]}],"amount":[{"__symbolic":"property","decorators":[{"__symbolic":"call","expression":{"__symbol":2,"members":[]},"arguments":[{"originalDataField":"Amount","dataField":"amount","originalDataFieldType":"Number","initValue":0,"path":"Amount"}]}]}],"remark":[{"__symbolic":"property","decorators":[{"__symbolic":"call","expression":{"__symbol":2,"members":[]},"arguments":[{"originalDataField":"Remark","dataField":"remark","originalDataFieldType":"String","initValue":"","path":"Remark","validRules":[{"type":"maxLength","constraints":[100],"message":"最大长度为100"}]}]}]}],"goods":[{"__symbolic":"property","decorators":[{"__symbolic":"call","expression":{"__symbol":3,"members":[]},"arguments":[{"dataField":"goods","originalDataField":"Goods","type":{"__symbol":4,"members":[]}}]}]}]}}}],"symbols":[{"__symbol":0,"name":"OrderItemEntity","filePath":"./orderitementity"},{"__symbol":1,"name":"Entity","filePath":"@farris/devkit"},{"__symbol":2,"name":"NgField","filePath":"@farris/devkit"},{"__symbol":3,"name":"NgObject","filePath":"@farris/devkit"},{"__symbol":4,"name":"Goods4842Entity","filePath":"./goods4842entity"}]}