{"moduleName":null,"summaries":[{"symbol":{"__symbol":0,"members":[]},"metadata":{"__symbolic":"class","extends":{"__symbol":1,"members":[]},"members":{"fileInfo":[{"__symbolic":"property","decorators":[{"__symbolic":"call","expression":{"__symbol":2,"members":[]},"arguments":[{"originalDataField":"FileInfo","dataField":"fileInfo","primary":true,"originalDataFieldType":"String","initValue":"","path":"FileInfo.FileInfo","validRules":[{"type":"maxLength","constraints":[36],"message":"最大长度为36"}]}]}]}],"fileInfo_Attachment":[{"__symbolic":"property","decorators":[{"__symbolic":"call","expression":{"__symbol":2,"members":[]},"arguments":[{"originalDataField":"Attachment","dataField":"fileInfo_Attachment","originalDataFieldType":"String","initValue":"","path":"FileInfo.FileInfo_Attachment","validRules":[{"type":"maxLength","constraints":[36],"message":"最大长度为36"}]}]}]}],"fileInfo_FileName":[{"__symbolic":"property","decorators":[{"__symbolic":"call","expression":{"__symbol":2,"members":[]},"arguments":[{"originalDataField":"FileName","dataField":"fileInfo_FileName","originalDataFieldType":"String","initValue":"","path":"FileInfo.FileInfo_FileName","validRules":[{"type":"maxLength","constraints":[36],"message":"最大长度为36"}]}]}]}],"fileInfo_FileSize":[{"__symbolic":"property","decorators":[{"__symbolic":"call","expression":{"__symbol":2,"members":[]},"arguments":[{"originalDataField":"FileSize","dataField":"fileInfo_FileSize","originalDataFieldType":"Number","initValue":0,"path":"FileInfo.FileInfo_FileSize"}]}]}],"fileInfo_FileCreate":[{"__symbolic":"property","decorators":[{"__symbolic":"call","expression":{"__symbol":2,"members":[]},"arguments":[{"originalDataField":"FileCreate","dataField":"fileInfo_FileCreate","originalDataFieldType":"DateTime","initValue":"0001-01-01T00:00:00","path":"FileInfo.FileInfo_FileCreate","enableTimeZone":true}]}]}]}}}],"symbols":[{"__symbol":0,"name":"PF60c0Entity","filePath":"./pf60c0entity"},{"__symbol":1,"name":"Entity","filePath":"@farris/devkit"},{"__symbol":2,"name":"NgField","filePath":"@farris/devkit"}]}