{"moduleName":null,"summaries":[{"symbol":{"__symbol":0,"members":[]},"metadata":{"__symbolic":"class","extends":{"__symbol":1,"members":[]},"members":{"orderPerson":[{"__symbolic":"property","decorators":[{"__symbolic":"call","expression":{"__symbol":2,"members":[]},"arguments":[{"originalDataField":"OrderPerson","dataField":"orderPerson","primary":true,"originalDataFieldType":"String","initValue":"","path":"OrderPerson.OrderPerson","validRules":[{"type":"maxLength","constraints":[36],"message":"最大长度为36"}]}]}]}],"orderPerson_name":[{"__symbolic":"property","decorators":[{"__symbolic":"call","expression":{"__symbol":2,"members":[]},"arguments":[{"originalDataField":"name","dataField":"orderPerson_name","originalDataFieldType":"String","initValue":"","path":"OrderPerson.OrderPerson_name","validRules":[{"type":"maxLength","constraints":[100],"message":"最大长度为100"}]}]}]}]}}}],"symbols":[{"__symbol":0,"name":"SysOrg5ffbEntity","filePath":"./sysorg5ffbentity"},{"__symbol":1,"name":"Entity","filePath":"@farris/devkit"},{"__symbol":2,"name":"NgField","filePath":"@farris/devkit"}]}