{"moduleName":null,"summaries":[{"symbol":{"__symbol":0,"members":[]},"metadata":{"__symbolic":"class","extends":{"__symbol":1,"members":[]},"members":{"merchant":[{"__symbolic":"property","decorators":[{"__symbolic":"call","expression":{"__symbol":2,"members":[]},"arguments":[{"originalDataField":"Merchant","dataField":"merchant","primary":true,"originalDataFieldType":"String","initValue":"","path":"Merchant.Merchant","validRules":[{"type":"maxLength","constraints":[36],"message":"最大长度为36"}]}]}]}],"merchant_name":[{"__symbolic":"property","decorators":[{"__symbolic":"call","expression":{"__symbol":2,"members":[]},"arguments":[{"originalDataField":"name","dataField":"merchant_name","originalDataFieldType":"String","initValue":"","path":"Merchant.Merchant_name","validRules":[{"type":"maxLength","constraints":[100],"message":"最大长度为100"}]}]}]}]}}}],"symbols":[{"__symbol":0,"name":"SysOrg17e7Entity","filePath":"./sysorg17e7entity"},{"__symbol":1,"name":"Entity","filePath":"@farris/devkit"},{"__symbol":2,"name":"NgField","filePath":"@farris/devkit"}]}