{"moduleName":null,"summaries":[{"symbol":{"__symbol":0,"members":[]},"metadata":{"__symbolic":"class","extends":{"__symbol":1,"members":[]},"members":{"goodsName":[{"__symbolic":"property","decorators":[{"__symbolic":"call","expression":{"__symbol":2,"members":[]},"arguments":[{"id":"goodsName","name":"{{goodsName_28bdca83_zmdi}}","binding":"goodsName","updateOn":"blur","defaultI18nValue":"商品名称"}]}]}],"goodsCode":[{"__symbolic":"property","decorators":[{"__symbolic":"call","expression":{"__symbol":2,"members":[]},"arguments":[{"id":"goodsCode","name":"{{goodsCode_7f38293d_qgha}}","binding":"goodsCode","updateOn":"blur","defaultI18nValue":"商品编号"}]}]}]}},"type":{"summaryKind":3,"type":{"reference":{"__symbol":0,"members":[]},"diDeps":[],"lifecycleHooks":[1]}}}],"symbols":[{"__symbol":0,"name":"DataGridComponentViewmodelForm","filePath":"./datagridcomponentviewmodelform"},{"__symbol":1,"name":"Form","filePath":"@farris/devkit"},{"__symbol":2,"name":"NgFormControl","filePath":"@farris/devkit"}]}