{"moduleName":null,"summaries":[{"symbol":{"__symbol":0,"members":[]},"metadata":{"__symbolic":"class","extends":{"__symbol":1,"members":[]},"members":{"goodsName":[{"__symbolic":"property","decorators":[{"__symbolic":"call","expression":{"__symbol":2,"members":[]},"arguments":[{"id":"goodsName_28bdca83_oc76","name":"{{goodsName_28bdca83_oc76}}","binding":"goodsName","updateOn":"blur","defaultI18nValue":"商品名称","validRules":[{"type":"matches","constraints":[""]}]}]}]}],"goodsCode":[{"__symbolic":"property","decorators":[{"__symbolic":"call","expression":{"__symbol":2,"members":[]},"arguments":[{"id":"goodsCode_7f38293d_5kr9","name":"{{goodsCode_7f38293d_5kr9}}","binding":"goodsCode","updateOn":"blur","defaultI18nValue":"商品编号","validRules":[{"type":"matches","constraints":[""]}]}]}]}],"specification":[{"__symbolic":"property","decorators":[{"__symbolic":"call","expression":{"__symbol":2,"members":[]},"arguments":[{"id":"specification_2d41423a_jrpw","name":"{{specification_2d41423a_jrpw}}","binding":"specification","updateOn":"blur","defaultI18nValue":"规格型号","validRules":[{"type":"matches","constraints":[""]}]}]}]}],"category":[{"__symbolic":"property","decorators":[{"__symbolic":"call","expression":{"__symbol":2,"members":[]},"arguments":[{"id":"category_e83fbfe0_a0wd","name":"{{category_e83fbfe0_a0wd}}","binding":"category","updateOn":"blur","defaultI18nValue":"分类名称","validRules":[{"type":"matches","constraints":[""]}]}]}]}],"price":[{"__symbolic":"property","decorators":[{"__symbolic":"call","expression":{"__symbol":2,"members":[]},"arguments":[{"id":"price_c6c10ace_i5eg","name":"{{price_c6c10ace_i5eg}}","binding":"price","updateOn":"blur","defaultI18nValue":"单价"}]}]}],"listNumber":[{"__symbolic":"property","decorators":[{"__symbolic":"call","expression":{"__symbol":2,"members":[]},"arguments":[{"id":"listNumber_6e39889b_qr92","name":"{{listNumber_6e39889b_qr92}}","binding":"listNumber","updateOn":"blur","defaultI18nValue":"上架数量"}]}]}],"remark":[{"__symbolic":"property","decorators":[{"__symbolic":"call","expression":{"__symbol":2,"members":[]},"arguments":[{"id":"remark_d0065a5e_s60p","name":"{{remark_d0065a5e_s60p}}","binding":"remark","updateOn":"blur","defaultI18nValue":"备注","validRules":[{"type":"matches","constraints":[""]}]}]}]}]}},"type":{"summaryKind":3,"type":{"reference":{"__symbol":0,"members":[]},"diDeps":[],"lifecycleHooks":[1]}}}],"symbols":[{"__symbol":0,"name":"DetailFormComponentViewmodelForm","filePath":"./detailformcomponentviewmodelform"},{"__symbol":1,"name":"Form","filePath":"@farris/devkit"},{"__symbol":2,"name":"NgFormControl","filePath":"@farris/devkit"}]}