{"moduleName":null,"summaries":[{"symbol":{"__symbol":0,"members":[]},"metadata":{"__symbolic":"class","extends":{"__symbol":1,"members":[]},"members":{"dataImport1":[{"__symbolic":"method","decorators":[{"__symbolic":"call","expression":{"__symbol":2,"members":[]},"arguments":[{"name":"dataImport1","params":{"type":"","ruleID":"","option":""},"paramDescriptions":{"type":{"type":"int"},"ruleID":{"type":"string"},"option":{"type":"string"}}}]}]}],"dataExport1":[{"__symbolic":"method","decorators":[{"__symbolic":"call","expression":{"__symbol":2,"members":[]},"arguments":[{"name":"dataExport1","params":{"type":"","ruleID":"","option":""},"paramDescriptions":{"type":{"type":"int"},"ruleID":{"type":"string"},"option":{"type":"string"}}}]}]}],"listDataExport1":[{"__symbolic":"method","decorators":[{"__symbolic":"call","expression":{"__symbol":2,"members":[]},"arguments":[{"name":"listDataExport1","params":{"ruleID":"","option":""},"paramDescriptions":{"ruleID":{"type":"string"},"option":{"type":"string"}}}]}]}]}},"type":{"summaryKind":3,"type":{"reference":{"__symbol":0,"members":[]},"diDeps":[],"lifecycleHooks":[1]}}}],"symbols":[{"__symbol":0,"name":"RootViewmodel","filePath":"./rootviewmodel"},{"__symbol":1,"name":"ViewModel","filePath":"@farris/devkit"},{"__symbol":2,"name":"NgCommand","filePath":"@farris/devkit"}]}