{"moduleName":null,"summaries":[{"symbol":{"__symbol":0,"members":[]},"metadata":{"__symbolic":"class","extends":{"__symbol":1,"members":[]},"members":{"id":[{"__symbolic":"property","decorators":[{"__symbolic":"call","expression":{"__symbol":2,"members":[]},"arguments":[{"originalDataField":"ID","dataField":"id","primary":true,"originalDataFieldType":"String","initValue":"","path":"ID","validRules":[{"type":"required","constraints":[true]},{"type":"maxLength","constraints":[36],"message":"最大长度为36"}]}]}]}],"version":[{"__symbolic":"property","decorators":[{"__symbolic":"call","expression":{"__symbol":2,"members":[]},"arguments":[{"originalDataField":"Version","dataField":"version","originalDataFieldType":"DateTime","initValue":"0001-01-01T00:00:00","path":"Version","enableTimeZone":true}]}]}],"orderCode":[{"__symbolic":"property","decorators":[{"__symbolic":"call","expression":{"__symbol":2,"members":[]},"arguments":[{"originalDataField":"OrderCode","dataField":"orderCode","originalDataFieldType":"String","initValue":"","path":"OrderCode","validRules":[{"type":"maxLength","constraints":[36],"message":"最大长度为36"}]}]}]}],"orderTime":[{"__symbolic":"property","decorators":[{"__symbolic":"call","expression":{"__symbol":2,"members":[]},"arguments":[{"originalDataField":"OrderTime","dataField":"orderTime","originalDataFieldType":"String","initValue":"","path":"OrderTime","validRules":[{"type":"maxLength","constraints":[30],"message":"最大长度为30"}]}]}]}],"payMethod":[{"__symbolic":"property","decorators":[{"__symbolic":"call","expression":{"__symbol":2,"members":[]},"arguments":[{"originalDataField":"PayMethod","dataField":"payMethod","originalDataFieldType":"Enum","defaultValue":"","initValue":"Cash","path":"PayMethod"}]}]}],"orderType":[{"__symbolic":"property","decorators":[{"__symbolic":"call","expression":{"__symbol":2,"members":[]},"arguments":[{"originalDataField":"OrderType","dataField":"orderType","originalDataFieldType":"String","initValue":"","path":"OrderType","validRules":[{"type":"maxLength","constraints":[20],"message":"最大长度为20"}]}]}]}],"telephone":[{"__symbolic":"property","decorators":[{"__symbolic":"call","expression":{"__symbol":2,"members":[]},"arguments":[{"originalDataField":"Telephone","dataField":"telephone","originalDataFieldType":"String","initValue":"","path":"Telephone","validRules":[{"type":"maxLength","constraints":[20],"message":"最大长度为20"}]}]}]}],"orderState":[{"__symbolic":"property","decorators":[{"__symbolic":"call","expression":{"__symbol":2,"members":[]},"arguments":[{"originalDataField":"OrderState","dataField":"orderState","originalDataFieldType":"Enum","defaultValue":"","initValue":"Unshipped","path":"OrderState"}]}]}],"remark":[{"__symbolic":"property","decorators":[{"__symbolic":"call","expression":{"__symbol":2,"members":[]},"arguments":[{"originalDataField":"Remark","dataField":"remark","originalDataFieldType":"String","initValue":"","path":"Remark","validRules":[{"type":"maxLength","constraints":[100],"message":"最大长度为100"}]}]}]}],"totalPrice":[{"__symbolic":"property","decorators":[{"__symbolic":"call","expression":{"__symbol":2,"members":[]},"arguments":[{"originalDataField":"TotalPrice","dataField":"totalPrice","originalDataFieldType":"Number","initValue":0,"path":"TotalPrice"}]}]}],"orderItems":[{"__symbolic":"property","decorators":[{"__symbolic":"call","expression":{"__symbol":3,"members":[]},"arguments":[{"dataField":"orderItems","originalDataField":"","type":{"__symbol":4,"members":[]}}]}]}],"pluss":[{"__symbolic":"property","decorators":[{"__symbolic":"call","expression":{"__symbol":3,"members":[]},"arguments":[{"dataField":"pluss","originalDataField":"","type":{"__symbol":5,"members":[]}}]}]}],"billStatus":[{"__symbolic":"property","decorators":[{"__symbolic":"call","expression":{"__symbol":6,"members":[]},"arguments":[{"dataField":"billStatus","originalDataField":"BillStatus","type":{"__symbol":7,"members":[]}}]}]}],"processInstance":[{"__symbolic":"property","decorators":[{"__symbolic":"call","expression":{"__symbol":6,"members":[]},"arguments":[{"dataField":"processInstance","originalDataField":"ProcessInstance","type":{"__symbol":8,"members":[]}}]}]}],"merchant":[{"__symbolic":"property","decorators":[{"__symbolic":"call","expression":{"__symbol":6,"members":[]},"arguments":[{"dataField":"merchant","originalDataField":"Merchant","type":{"__symbol":9,"members":[]}}]}]}],"orderPerson":[{"__symbolic":"property","decorators":[{"__symbolic":"call","expression":{"__symbol":6,"members":[]},"arguments":[{"dataField":"orderPerson","originalDataField":"OrderPerson","type":{"__symbol":10,"members":[]}}]}]}]}}}],"symbols":[{"__symbol":0,"name":"SOEntity","filePath":"./soentity"},{"__symbol":1,"name":"Entity","filePath":"@farris/devkit"},{"__symbol":2,"name":"NgField","filePath":"@farris/devkit"},{"__symbol":3,"name":"NgList","filePath":"@farris/devkit"},{"__symbol":4,"name":"OrderItemEntity","filePath":"./orderitementity"},{"__symbol":5,"name":"PlusEntity","filePath":"./plusentity"},{"__symbol":6,"name":"NgObject","filePath":"@farris/devkit"},{"__symbol":7,"name":"BillState50e3Entity","filePath":"./billstate50e3entity"},{"__symbol":8,"name":"ProcessInstance8f84Entity","filePath":"./processinstance8f84entity"},{"__symbol":9,"name":"SysOrg17e7Entity","filePath":"./sysorg17e7entity"},{"__symbol":10,"name":"SysOrg5ffbEntity","filePath":"./sysorg5ffbentity"}]}